{"stats":{"minecraft:dropped":{"minecraft:rotten_flesh":2},"minecraft:killed_by":{"apocalypsenow:runner_39":1,"minecraft:player":1,"apocalypsenow:walker_1":1,"apocalypsenow:walker_29":1,"zombie_extreme:infected_police":1},"minecraft:custom":{"minecraft:interact_with_furnace":3,"minecraft:mob_kills":5,"minecraft:interact_with_crafting_table":18,"minecraft:pot_flower":1,"minecraft:leave_game":2,"minecraft:time_since_death":0,"minecraft:sleep_in_bed":2,"minecraft:climb_one_cm":1566,"minecraft:time_since_rest":0,"minecraft:sprint_one_cm":46191,"minecraft:damage_taken":1586,"minecraft:walk_one_cm":231832,"minecraft:damage_blocked_by_shield":100,"minecraft:drop":2,"minecraft:damage_dealt":636,"minecraft:fly_one_cm":45004,"minecraft:player_kills":2,"minecraft:open_chest":14,"minecraft:crouch_one_cm":33850,"minecraft:play_time":72099,"tombstone:undead_killed":4,"minecraft:deaths":5,"minecraft:sneak_time":10281,"minecraft:jump":606,"minecraft:interact_with_blast_furnace":2,"minecraft:walk_on_water_one_cm":196,"minecraft:total_world_time":72099,"minecraft:fall_one_cm":10185},"minecraft:broken":{"minecraft:wooden_pickaxe":2},"minecraft:killed":{"apocalypsenow:walker_7":1,"apocalypsenow:walker_32":1,"apocalypsenow:walker_22":1,"apocalypsenow:walker_31":1},"minecraft:crafted":{"minecraft:wooden_sword":1,"minecraft:oak_planks":136,"minecraft:stone_shovel":1,"minecraft:crafting_table":3,"minecraft:wooden_pickaxe":3,"minecraft:stone_axe":2,"minecraft:bread":27,"minecraft:golden_apple":1,"minecraft:stick":64,"minecraft:light_blue_dye":1,"minecraft:wooden_axe":3,"minecraft:stone_pickaxe":3,"minecraft:oak_stairs":12,"minecraft:light_blue_bed":1,"minecraft:dark_oak_planks":8,"minecraft:torch":72,"minecraft:wheat":90},"minecraft:mined":{"minecraft:oak_slab":4,"mekanism:osmium_ore":4,"minecraft:spruce_planks":1,"minecraft:white_bed":1,"farmersdelight:rich_soil":3,"minecraft:red_bed":1,"minecraft:potted_blue_orchid":2,"minecraft:dark_oak_wood":2,"minecraft:grass_block":9,"minecraft:redstone_wire":1,"minecraft:cobblestone":2,"minecraft:oak_planks":9,"minecraft:oak_wall_sign":1,"minecraft:wall_torch":2,"minecraft:spruce_stairs":1,"minecraft:hay_block":1,"minecraft:light_blue_bed":1,"minecraft:sticky_piston":1,"minecraft:smooth_stone_slab":3,"minecraft:stone_brick_stairs":1,"k_turrets:titanium_ore":2,"minecraft:yellow_bed":1,"minecraft:grass":1,"minecraft:oak_log":19,"minecraft:coal_ore":79,"minecraft:oak_stairs":1,"minecraft:iron_bars":3,"minecraft:gravel":19,"minecraft:dirt":276,"minecraft:stripped_oak_log":20,"minecraft:spruce_wood":12,"minecraft:stone_bricks":6,"minecraft:stone":99,"minecraft:oak_leaves":1,"minecraft:spruce_slab":1},"minecraft:picked_up":{"minecraft:stripped_oak_log":20,"farmersdelight:rich_soil":3,"minecraft:flower_pot":2,"minecraft:golden_leggings":2,"minecraft:oak_stairs":1,"minecraft:flint":1,"minecraft:stone_brick_stairs":1,"minecraft:oak_log":15,"minecraft:yellow_bed":1,"zombie_extreme:crowbar":1,"minecraft:dirt":281,"minecraft:red_bed":1,"minecraft:wooden_sword":1,"minecraft:smooth_stone_slab":3,"minecraft:sticky_piston":1,"minecraft:oak_sign":1,"minecraft:blue_orchid":2,"minecraft:stone_bricks":6,"mysticalagriculture:inferium_essence":2,"minecraft:spruce_planks":1,"minecraft:spruce_wood":12,"minecraft:spruce_slab":1,"minecraft:oak_planks":8,"minecraft:oak_slab":6,"minecraft:golden_helmet":1,"projectvibrantjourneys:bark_mushroom":1,"minecraft:torch":3,"minecraft:spruce_stairs":1,"minecraft:gravel":18,"minecraft:redstone":1,"minecraft:white_bed":1,"minecraft:light_blue_bed":1,"apocalypsenow:contamination_suit_green_chestplate":1,"mekanism:raw_osmium":4,"minecraft:rotten_flesh":41,"zombie_extreme:bandage":1,"minecraft:iron_helmet":1,"k_turrets:raw_titanium":2,"minecraft:hay_block":1,"minecraft:iron_bars":2,"minecraft:dark_oak_wood":2,"minecraft:coal":78,"minecraft:cobblestone":100},"minecraft:used":{"minecraft:redstone":1,"minecraft:stone_shovel":121,"minecraft:spruce_slab":1,"minecraft:stone_pickaxe":120,"minecraft:oak_planks":65,"minecraft:shield":6,"minecraft:wooden_pickaxe":118,"minecraft:torch":13,"minecraft:dirt":127,"zombie_extreme:crowbar":10,"minecraft:crafting_table":3,"minecraft:red_bed":1,"minecraft:spruce_stairs":1,"minecraft:white_bed":1,"zombie_extreme:bandage":1,"minecraft:sticky_piston":1,"minecraft:wooden_axe":41,"minecraft:flower_pot":2,"apocalypsenow:contamination_suit_green_chestplate":1,"minecraft:oak_stairs":12,"minecraft:bread":5,"minecraft:iron_helmet":1,"minecraft:light_blue_bed":2,"minecraft:golden_leggings":2,"minecraft:golden_helmet":1,"minecraft:stone_axe":10,"minecraft:oak_sapling":1,"tombstone:gift":1,"alexsmobs:animal_dictionary":1}},"DataVersion":3120}