{"stats":{"minecraft:custom":{"minecraft:interact_with_crafting_table":61,"minecraft:open_barrel":2,"minecraft:leave_game":6,"minecraft:time_since_death":7554,"minecraft:sprint_one_cm":441272,"minecraft:damage_blocked_by_shield":1775,"minecraft:drop":67,"minecraft:play_time":402965,"minecraft:deaths":33,"tombstone:tomb_raiding":1,"minecraft:jump":4142,"minecraft:walk_on_water_one_cm":86598,"minecraft:interact_with_furnace":140,"minecraft:sleep_in_bed":9,"minecraft:waystone_activated":2,"tombstone:sneak_grave":1,"minecraft:damage_dealt":7859,"minecraft:player_kills":2,"minecraft:crouch_one_cm":93950,"tombstone:undead_killed":43,"minecraft:use_cauldron":6,"minecraft:interact_with_anvil":1,"minecraft:mob_kills":56,"minecraft:damage_dealt_resisted":4,"minecraft:climb_one_cm":93081,"minecraft:walk_one_cm":1351744,"minecraft:sneak_time":32786,"minecraft:walk_under_water_one_cm":32348,"minecraft:total_world_time":402965,"minecraft:time_since_rest":6996,"minecraft:damage_taken":14967,"minecraft:swim_one_cm":101685,"minecraft:fly_one_cm":359087,"minecraft:open_chest":178,"minecraft:fall_one_cm":75594},"minecraft:mined":{"minecraft:spruce_planks":1,"minecraft:white_bed":3,"minecraft:cobblestone_stairs":2,"minecraft:grass_block":93,"minecraft:blue_concrete":5,"minecraft:light_gray_bed":1,"minecraft:white_concrete":9,"mysticalagriculture:inferium_ore":18,"minecraft:iron_ore":25,"minecraft:fire":4,"zombie_extreme:ore_steel":2,"minecraft:target":1,"minecraft:moss_carpet":1,"biomesoplenty:hanging_cobweb":8,"minecraft:iron_bars":7,"biomesoplenty:webbing":45,"minecraft:light_gray_concrete":45,"bunker_down:airlock_iron_door":1,"mekanism:osmium_ore":14,"dtterralith:birch_short_conifer_leaves":4,"biomesoplenty:wildflower":1,"biomesoplenty:hanging_cobweb_strand":4,"minecraft:torch":16,"projectvibrantjourneys:twigs":1,"mekanism:tin_ore":30,"farmersdelight:cabbages":6,"minecraft:cobblestone":27,"projectvibrantjourneys:fallen_leaves":1,"minecraft:oak_planks":11,"minecraft:wall_torch":3,"zombie_extreme:thorium_ore":2,"minecraft:wheat":36,"projectvibrantjourneys:bones":1,"bunker_down:steel_block_slab":2,"minecraft:stone_brick_stairs":1,"minecraft:grass":49,"minecraft:oak_log":1,"projectvibrantjourneys:short_grass":21,"mekanism:lead_ore":8,"minecraft:sand":7,"minecraft:dirt":64,"minecraft:oak_leaves":52,"dtterralith:oak_sparse_leaves":1,"bunker_down:steel_pressure_plate":2,"demogorgon:blighted_log_hyphae":4,"biomesoplenty:desert_grass":9,"projectvibrantjourneys:rocks":1,"farmersdelight:tomatoes":6,"minecraft:furnace":2,"zombie_extreme:ore_lead":2,"minecraft:black_concrete":2,"bunker_down:airlock_iron_trapdoor":3,"bunker_down:steel_vent":5,"minecraft:potatoes":3,"minecraft:stripped_oak_log":4,"sulfurpotassiummod:potassium_ore":14,"demogorgon:blighted_log":1,"bunker_down:steel_block":47,"minecraft:stone":1522,"minecraft:white_wool":6,"zombie_extreme:ore_aluminum":4,"minecraft:crafting_table":1,"dynamictrees:acacia_leaves":43,"minecraft:copper_ore":18,"minecraft:tall_grass":17,"biomesoplenty:sprout":1,"minecraft:red_concrete":4,"projectvibrantjourneys:acacia_hollow_log":2,"minecraft:birch_planks":16,"minecraft:coarse_dirt":4,"zombie_extreme:ore_tin":14,"minecraft:stripped_spruce_wood":3,"easy_steel:cassiterite_ore":20,"k_turrets:titanium_ore":12,"minecraft:coal_ore":155,"minecraft:gravel":64,"minecraft:cobweb":5,"minecraft:polished_andesite":4,"projectvibrantjourneys:oak_hollow_log":4,"minecraft:iron_trapdoor":2,"tconstruct:sky_congealed_slime":2},"minecraft:killed_by":{"mowziesmobs:naga":1,"zombie_extreme:night_hunter":1,"apocalypsenow:runner_42":2,"zombie_extreme:divided":1,"minecraft:zombie":1,"apocalypsenow:runner_45":1,"apocalypsenow:runner_38":2,"apocalypsenow:runner_39":1,"minecraft:player":5,"apocalypsenow:runner_34":2,"apocalypsenow:looter_1":1,"kevin_trophy:blister_zombie":2,"securitycraft:sentry":1,"apocalypsenow:runner_41":1},"minecraft:dropped":{"minecraft:glass_bottle":2,"zombie_extreme:rotten_apple":3,"minecraft:cobblestone_stairs":3,"minecraft:dirt":20,"minecraft:grass":2,"alexsmobs:serrated_shark_tooth":1,"minecraft:wooden_sword":1,"minecraft:iron_pickaxe":1,"minecraft:bone":1,"minecraft:gravel":5,"minecraft:wheat":6,"minecraft:rotten_flesh":11,"minecraft:oak_planks":1,"projectvibrantjourneys:short_grass":1,"biomesoplenty:desert_grass":2,"mysticalagriculture:inferium_essence":5,"biomesoplenty:wildflower":6,"minecraft:leather_boots":1,"minecraft:arrow":1,"farmersdelight:tomato_seeds":3,"apocalypsenow:human_flesh":2,"minecraft:water_bucket":1,"minecraft:wheat_seeds":6,"minecraft:feather":2,"minecraft:cobblestone":10,"minecraft:polished_andesite":6,"minecraft:cobweb":4,"tombstone:magic_scroll":1,"tombstone:grave_dust":2,"minecraft:potion":1,"minecraft:iron_axe":1,"toughasnails:leaf_leggings":2,"minecraft:string":2,"minecraft:red_concrete":2,"minecraft:bricks":1,"minecraft:moss_carpet":3,"minecraft:coarse_dirt":6,"apocalypsenow:wine":1,"apocalypsenow:drill":1,"minecraft:light_gray_concrete":4,"minecraft:potato":2,"minecraft:spruce_planks":2,"bunker_down:steel_block":6,"minecraft:stone_pickaxe":1,"minecraft:stripped_spruce_wood":3},"minecraft:broken":{"mowziesmobs:umvuthana_mask_fear":1,"bunker_down:brittle_pickaxe":1,"toughasnails:leaf_boots":2,"minecraft:wooden_shovel":1,"toughasnails:leaf_chestplate":3,"minecraft:stone_pickaxe":11,"toughasnails:leaf_leggings":3,"minecraft:wooden_pickaxe":2,"minecraft:leather_boots":1,"minecraft:iron_pickaxe":2,"toughasnails:purified_water_canteen":1,"toughasnails:leaf_helmet":2},"minecraft:crafted":{"minecraft:oak_planks":102,"mekanism:ingot_osmium":33,"minecraft:cobblestone_stairs":116,"minecraft:stone":50,"toughasnails:leaf_leggings":4,"sulfurpotassiummod:potassium":16,"minecraft:bow":1,"minecraft:chest":9,"toughasnails:leaf_helmet":2,"minecraft:oak_button":1,"easy_steel:tin_ingot":20,"minecraft:stone_hoe":1,"zombie_extreme:ignot_aluminum":4,"mekanism:ingot_tin":30,"toughasnails:leaf_boots":2,"minecraft:wooden_shovel":1,"zombie_extreme:ignotlead":2,"minecraft:crafting_table":5,"minecraft:wooden_pickaxe":2,"minecraft:baked_potato":2,"minecraft:copper_ingot":27,"minecraft:pumpkin_seeds":4,"mekanism:ingot_lead":8,"minecraft:stick":36,"minecraft:iron_pickaxe":4,"minecraft:iron_ingot":40,"minecraft:shears":2,"minecraft:stone_shovel":1,"demogorgon:blighted_planks":20,"zombie_extreme:ignot_thorium":2,"zombie_extreme:ignotsteel":2,"minecraft:furnace":7,"minecraft:flint_and_steel":1,"minecraft:iron_axe":1,"minecraft:stone_pickaxe":9,"zombie_extreme:ignot_tin":14,"toughasnails:leaf_chestplate":2,"minecraft:bread":10,"apocalypsenow:cooked_human_flesh":15,"minecraft:white_bed":2,"minecraft:acacia_planks":8,"minecraft:torch":140},"minecraft:killed":{"minecraft:cave_spider":1,"zombie_extreme:night_hunter":1,"apocalypsenow:crawler_4":1,"apocalypsenow:walker_29":1,"apocalypsenow:walker_26":2,"apocalypsenow:walker_25":1,"zombie_extreme:goon":1,"apocalypsenow:runner_42":1,"apocalypsenow:runner_45":2,"apocalypsenow:walker_23":1,"apocalypsenow:walker_7":2,"apocalypsenow:runner_54":1,"apocalypsenow:walker_12":1,"apocalypsenow:walker_13":1,"apocalypsenow:runner_44":2,"apocalypsenow:runner_43":3,"mowziesmobs:naga":1,"apocalypsenow:walker_19":2,"apocalypsenow:runner_35":1,"apocalypsenow:walker_3":2,"apocalypsenow:walker_14":1,"apocalypsenow:walker_18":2,"apocalypsenow:runner_53":2,"apocalypsenow:walker_33":1,"apocalypsenow:runner_34":1,"apocalypsenow:walker_4":2,"apocalypsenow:walker_30":1,"zombie_extreme:crawler":1,"zombie_extreme:boomer":1,"zombie_extreme:infected":1,"apocalypsenow:runner_40":1,"apocalypsenow:walker_9":1,"apocalypsenow:runner_52":1,"minecraft:squid":1,"apocalypsenow:walker_27":3,"apocalypsenow:walker_17":1,"apocalypsenow:walker_28":1,"apocalypsenow:runner_51":2},"minecraft:used":{"minecraft:moss_carpet":1,"minecraft:iron_shovel":78,"farmersdelight:cabbage_seeds":11,"minecraft:chest":10,"minecraft:shield":76,"farmersdelight:cabbage":1,"minecraft:grass":1,"minecraft:rotten_flesh":25,"minecraft:snowball":6,"minecraft:bow":3,"minecraft:furnace":9,"bunker_down:steel_vent":2,"zombie_extreme:fireaxe":169,"apocalypsenow:cooked_human_flesh":12,"minecraft:stone_pickaxe":1257,"minecraft:oak_planks":8,"apocalypsenow:drill":112,"minecraft:wooden_pickaxe":118,"minecraft:cookie":1,"minecraft:sand":6,"minecraft:acacia_leaves":1,"minecraft:shears":96,"minecraft:pumpkin_seeds":4,"bunker_down:steel_block":20,"minecraft:black_concrete":4,"minecraft:light_gray_concrete":33,"minecraft:bread":19,"apocalypsenow:nutrition_bar":1,"minecraft:gravel":32,"bunker_down:airlock_iron_trapdoor":3,"minecraft:wooden_sword":26,"minecraft:white_concrete":9,"minecraft:air":1,"minecraft:coarse_dirt":4,"minecraft:iron_bars":2,"minecraft:flint_and_steel":5,"toughasnails:leaf_helmet":2,"projectvibrantjourneys:short_grass":1,"minecraft:wooden_shovel":65,"toughasnails:leaf_boots":2,"minecraft:stone_hoe":9,"minecraft:torch":118,"minecraft:dirt":164,"toughasnails:empty_canteen":2,"bunker_down:brittle_pickaxe":24,"minecraft:iron_axe":46,"minecraft:iron_trapdoor":2,"tombstone:gift":5,"farmersdelight:tomato_seeds":5,"minecraft:acacia_planks":4,"projectvibrantjourneys:oak_hollow_log":1,"minecraft:light_gray_bed":1,"apocalypsenow:cream_cracker":1,"minecraft:wheat_seeds":47,"minecraft:water_bucket":42,"toughasnails:leaf_leggings":1,"minecraft:cobblestone_stairs":116,"minecraft:birch_planks":4,"minecraft:glass_bottle":185,"minecraft:baked_potato":2,"zombie_extreme:rotten_apple":1,"minecraft:crafting_table":6,"minecraft:white_bed":5,"bunker_down:steel_block_slab":2,"minecraft:oak_button":1,"minecraft:iron_pickaxe":569,"minecraft:blue_carpet":3,"minecraft:cobblestone":172,"minecraft:potion":189,"toughasnails:purified_water_bottle":5,"minecraft:white_banner":1,"toughasnails:purified_water_canteen":5,"minecraft:bucket":42},"minecraft:picked_up":{"toughasnails:leaf_leggings":2,"minecraft:wheat":34,"minecraft:iron_trapdoor":2,"minecraft:potion":2,"minecraft:stone_brick_stairs":1,"minecraft:blue_concrete":5,"projectvibrantjourneys:mossy_rocks":2,"biomesoplenty:desert_grass":2,"minecraft:string":10,"minecraft:raw_copper":57,"mysticalagriculture:inferium_essence":77,"farmersdelight:cabbage":6,"minecraft:spruce_planks":6,"toughasnails:leaf_boots":1,"grapplemod:grapplinghook":1,"dynamictrees:oak_seed":1,"minecraft:iron_pickaxe":1,"farmersdelight:cabbage_seeds":18,"minecraft:furnace":2,"zombie_extreme:raw_aluminum":4,"minecraft:stick":10,"apocalypsenow:drill":2,"bunker_down:airlock_iron_trapdoor":3,"sulfurpotassiummod:raw_potassium":16,"minecraft:torch":26,"minecraft:target":1,"tombstone:grave_dust":9,"mekanism:raw_tin":30,"minecraft:light_gray_bed":1,"minecraft:rotten_flesh":172,"demogorgon:blighted_log_hyphae":4,"zombie_extreme:rotten_apple":4,"minecraft:iron_bars":7,"minecraft:snowball":22,"minecraft:cobblestone":1547,"minecraft:sponge":1,"minecraft:feather":3,"minecraft:water_bucket":1,"minecraft:acacia_leaves":35,"bunker_down:steel_vent":5,"minecraft:potato":11,"toughasnails:leaf_helmet":1,"minecraft:flint":11,"minecraft:stripped_spruce_wood":6,"projectvibrantjourneys:oak_hollow_log":4,"apocalypsenow:construction_chestplate":1,"farmersdelight:tomato":5,"minecraft:dirt":191,"minecraft:bone":2,"minecraft:wheat_seeds":103,"apocalypsenow:human_flesh":3,"minecraft:oak_planks":11,"minecraft:sand":6,"bunker_down:steel_pressure_plate":2,"apocalypsenow:fishermans_knife":1,"minecraft:light_gray_concrete":52,"minecraft:polished_andesite":6,"minecraft:black_concrete":4,"minecraft:lever":1,"minecraft:grass":3,"zombie_extreme:raw_thorium":2,"minecraft:white_concrete":11,"minecraft:bricks":1,"minecraft:oak_leaves":48,"minecraft:coarse_dirt":10,"minecraft:crafting_table":1,"zombie_extreme:raw_tin":14,"minecraft:brick":1,"minecraft:moss_carpet":4,"minecraft:iron_axe":1,"minecraft:iron_shovel":1,"apocalypsenow:cigarettes":1,"alexsmobs:serrated_shark_tooth":1,"additionalguns:aks74u":1,"projectvibrantjourneys:short_grass":2,"biomesoplenty:wildflower":6,"minecraft:chest":1,"biomesoplenty:hanging_cobweb":6,"minecraft:raw_iron":56,"zombie_extreme:soda_used":2,"farmersdelight:tomato_seeds":8,"minecraft:redstone":2,"minecraft:blue_carpet":7,"toughasnails:empty_canteen":1,"additionalguns:casing_short":22,"tconstruct:sky_slime_ball":8,"minecraft:arrow":4,"k_turrets:raw_titanium":12,"easy_steel:raw_tin":20,"minecraft:white_wool":6,"minecraft:stripped_oak_log":4,"mekanism:raw_lead":8,"minecraft:glow_ink_sac":3,"minecraft:birch_planks":16,"minecraft:oak_log":20,"bunker_down:airlock_iron_door":1,"minecraft:gunpowder":3,"minecraft:cobblestone_stairs":3,"zombie_extreme:raw_steel":2,"tombstone:gift":1,"bunker_down:steel_block":46,"zombie_extreme:raw_lead":2,"demogorgon:blighted_log":1,"minecraft:iron_ingot":4,"minecraft:stone_pickaxe":1,"minecraft:cobweb":4,"minecraft:glass_bottle":1,"minecraft:book":4,"toughasnails:leaf_chestplate":1,"projectvibrantjourneys:acacia_hollow_log":2,"minecraft:gravel":122,"minecraft:white_bed":3,"mekanism:raw_osmium":46,"bunker_down:steel_block_slab":5,"mowziesmobs:umvuthana_mask_fear":1,"tombstone:magic_scroll":2,"minecraft:red_concrete":6,"minecraft:coal":161}},"DataVersion":3120}