{"stats":{"minecraft:killed":{"minecraft:cave_spider":1,"apocalypsenow:walker_14":1,"apocalypsenow:runner_45":1,"apocalypsenow:walker_18":1,"apocalypsenow:walker_4":1,"zombie_extreme:crawler":1,"apocalypsenow:runner_40":1,"apocalypsenow:walker_9":1,"minecraft:squid":1,"apocalypsenow:runner_51":1,"mowziesmobs:naga":1},"minecraft:dropped":{"apocalypsenow:human_flesh":2,"minecraft:water_bucket":1,"minecraft:wheat_seeds":3,"minecraft:glass_bottle":2,"minecraft:cobblestone":1,"minecraft:polished_andesite":6,"minecraft:cobblestone_stairs":3,"minecraft:cobweb":4,"minecraft:dirt":20,"alexsmobs:serrated_shark_tooth":1,"minecraft:potion":1,"minecraft:wooden_sword":1,"minecraft:iron_axe":1,"minecraft:iron_pickaxe":1,"minecraft:string":1,"minecraft:bone":1,"minecraft:gravel":5,"minecraft:bricks":1,"minecraft:moss_carpet":1,"minecraft:coarse_dirt":6,"minecraft:wheat":6,"apocalypsenow:wine":1,"minecraft:rotten_flesh":11,"minecraft:oak_planks":1,"minecraft:light_gray_concrete":1,"minecraft:potato":2,"minecraft:spruce_planks":1,"mysticalagriculture:inferium_essence":1,"minecraft:leather_boots":1,"minecraft:arrow":1,"minecraft:stone_pickaxe":1,"minecraft:stripped_spruce_wood":3},"minecraft:broken":{"bunker_down:brittle_pickaxe":1,"toughasnails:leaf_leggings":1,"toughasnails:leaf_boots":1,"minecraft:wooden_shovel":1,"toughasnails:leaf_chestplate":1,"minecraft:wooden_pickaxe":2,"minecraft:stone_pickaxe":4,"minecraft:iron_pickaxe":1,"toughasnails:leaf_helmet":1},"minecraft:custom":{"minecraft:mob_kills":13,"minecraft:interact_with_crafting_table":33,"minecraft:open_barrel":2,"minecraft:leave_game":3,"minecraft:time_since_death":26675,"minecraft:climb_one_cm":30143,"minecraft:sprint_one_cm":128769,"minecraft:walk_one_cm":682721,"minecraft:damage_blocked_by_shield":515,"minecraft:drop":36,"minecraft:play_time":224602,"minecraft:deaths":13,"minecraft:sneak_time":17027,"minecraft:walk_under_water_one_cm":30834,"tombstone:tomb_raiding":1,"minecraft:jump":2377,"minecraft:walk_on_water_one_cm":68555,"minecraft:total_world_time":224602,"minecraft:interact_with_furnace":82,"minecraft:sleep_in_bed":6,"minecraft:time_since_rest":26561,"minecraft:damage_taken":6592,"tombstone:sneak_grave":1,"minecraft:damage_dealt":1640,"minecraft:player_kills":1,"minecraft:swim_one_cm":101685,"minecraft:fly_one_cm":120223,"minecraft:open_chest":61,"minecraft:crouch_one_cm":39707,"tombstone:undead_killed":7,"minecraft:fall_one_cm":25680},"minecraft:crafted":{"minecraft:oak_planks":86,"demogorgon:blighted_planks":20,"mekanism:ingot_osmium":26,"minecraft:furnace":6,"minecraft:cobblestone_stairs":112,"minecraft:flint_and_steel":1,"sulfurpotassiummod:potassium":14,"minecraft:bow":1,"minecraft:iron_axe":1,"minecraft:stone_pickaxe":3,"minecraft:chest":3,"minecraft:oak_button":1,"easy_steel:tin_ingot":6,"minecraft:stone_hoe":1,"mekanism:ingot_tin":10,"zombie_extreme:ignot_aluminum":2,"zombie_extreme:ignot_tin":3,"minecraft:wooden_shovel":1,"minecraft:crafting_table":4,"minecraft:wooden_pickaxe":2,"minecraft:baked_potato":2,"minecraft:copper_ingot":27,"minecraft:pumpkin_seeds":4,"minecraft:bread":5,"minecraft:stick":28,"minecraft:iron_ingot":19,"apocalypsenow:cooked_human_flesh":4,"minecraft:iron_pickaxe":2,"minecraft:white_bed":2,"minecraft:torch":40},"minecraft:killed_by":{"apocalypsenow:runner_38":1,"apocalypsenow:runner_39":1,"minecraft:player":1,"apocalypsenow:looter_1":1,"kevin_trophy:blister_zombie":2,"apocalypsenow:runner_45":1,"apocalypsenow:runner_41":1,"mowziesmobs:naga":1},"minecraft:picked_up":{"toughasnails:leaf_leggings":1,"minecraft:crafting_table":1,"minecraft:coarse_dirt":10,"minecraft:wheat":19,"zombie_extreme:raw_tin":14,"minecraft:potion":2,"minecraft:stone_brick_stairs":1,"minecraft:blue_concrete":5,"minecraft:iron_axe":1,"minecraft:string":9,"minecraft:moss_carpet":2,"minecraft:raw_copper":57,"minecraft:iron_shovel":1,"apocalypsenow:cigarettes":1,"alexsmobs:serrated_shark_tooth":1,"mysticalagriculture:inferium_essence":35,"farmersdelight:cabbage":1,"minecraft:spruce_planks":5,"toughasnails:leaf_boots":1,"dynamictrees:oak_seed":1,"minecraft:iron_pickaxe":1,"minecraft:chest":1,"minecraft:furnace":2,"biomesoplenty:hanging_cobweb":6,"farmersdelight:cabbage_seeds":5,"zombie_extreme:raw_aluminum":2,"minecraft:stick":10,"minecraft:raw_iron":35,"sulfurpotassiummod:raw_potassium":14,"zombie_extreme:soda_used":2,"minecraft:torch":2,"tombstone:grave_dust":2,"minecraft:redstone":2,"mekanism:raw_tin":30,"minecraft:blue_carpet":7,"tconstruct:sky_slime_ball":8,"minecraft:arrow":4,"minecraft:rotten_flesh":33,"demogorgon:blighted_log_hyphae":4,"easy_steel:raw_tin":13,"minecraft:iron_bars":7,"minecraft:snowball":22,"minecraft:white_wool":6,"minecraft:cobblestone":718,"minecraft:sponge":1,"minecraft:glow_ink_sac":3,"minecraft:water_bucket":1,"bunker_down:steel_vent":4,"minecraft:potato":2,"minecraft:birch_planks":16,"toughasnails:leaf_helmet":1,"minecraft:flint":2,"minecraft:stripped_spruce_wood":6,"minecraft:oak_log":20,"minecraft:cobblestone_stairs":3,"projectvibrantjourneys:oak_hollow_log":4,"minecraft:dirt":142,"zombie_extreme:raw_steel":2,"tombstone:gift":1,"zombie_extreme:raw_lead":2,"bunker_down:steel_block":29,"demogorgon:blighted_log":1,"minecraft:wheat_seeds":52,"apocalypsenow:human_flesh":3,"minecraft:iron_ingot":4,"minecraft:stone_pickaxe":1,"minecraft:cobweb":4,"minecraft:glass_bottle":1,"minecraft:oak_planks":11,"minecraft:book":4,"toughasnails:leaf_chestplate":1,"minecraft:gravel":11,"minecraft:sand":6,"minecraft:white_bed":3,"mekanism:raw_osmium":34,"bunker_down:steel_block_slab":3,"apocalypsenow:fishermans_knife":1,"minecraft:light_gray_concrete":36,"minecraft:polished_andesite":6,"minecraft:black_concrete":4,"minecraft:lever":1,"zombie_extreme:raw_thorium":2,"minecraft:white_concrete":9,"minecraft:red_concrete":4,"minecraft:bricks":1,"minecraft:coal":64},"minecraft:mined":{"minecraft:white_bed":3,"dtterralith:oak_sparse_leaves":1,"minecraft:cobblestone_stairs":2,"demogorgon:blighted_log_hyphae":4,"biomesoplenty:desert_grass":3,"projectvibrantjourneys:rocks":1,"minecraft:grass_block":71,"minecraft:blue_concrete":5,"minecraft:white_concrete":9,"mysticalagriculture:inferium_ore":10,"minecraft:furnace":2,"zombie_extreme:ore_lead":2,"minecraft:iron_ore":3,"zombie_extreme:ore_steel":2,"minecraft:black_concrete":2,"bunker_down:steel_vent":4,"biomesoplenty:hanging_cobweb":8,"biomesoplenty:webbing":45,"minecraft:iron_bars":7,"minecraft:light_gray_concrete":29,"sulfurpotassiummod:potassium_ore":14,"demogorgon:blighted_log":1,"bunker_down:steel_block":30,"minecraft:stone":718,"minecraft:white_wool":6,"zombie_extreme:ore_aluminum":2,"mekanism:osmium_ore":2,"dtterralith:birch_short_conifer_leaves":4,"biomesoplenty:hanging_cobweb_strand":4,"minecraft:crafting_table":1,"mekanism:tin_ore":30,"minecraft:cobblestone":14,"farmersdelight:cabbages":1,"minecraft:tall_grass":14,"minecraft:copper_ore":18,"biomesoplenty:sprout":1,"minecraft:red_concrete":2,"minecraft:oak_planks":11,"minecraft:birch_planks":16,"minecraft:coarse_dirt":4,"zombie_extreme:ore_tin":14,"minecraft:stripped_spruce_wood":3,"zombie_extreme:thorium_ore":2,"easy_steel:cassiterite_ore":13,"minecraft:wheat":20,"bunker_down:steel_block_slab":1,"minecraft:stone_brick_stairs":1,"k_turrets:titanium_ore":2,"minecraft:grass":39,"minecraft:coal_ore":58,"minecraft:oak_log":1,"projectvibrantjourneys:short_grass":13,"minecraft:gravel":8,"minecraft:sand":7,"minecraft:dirt":51,"minecraft:cobweb":5,"minecraft:polished_andesite":4,"projectvibrantjourneys:oak_hollow_log":4,"tconstruct:sky_congealed_slime":2},"minecraft:used":{"minecraft:moss_carpet":1,"minecraft:iron_bars":2,"minecraft:iron_shovel":7,"farmersdelight:cabbage_seeds":3,"minecraft:chest":4,"minecraft:shield":20,"farmersdelight:cabbage":1,"minecraft:wooden_shovel":65,"minecraft:stone_hoe":9,"minecraft:rotten_flesh":17,"minecraft:torch":34,"minecraft:dirt":124,"bunker_down:brittle_pickaxe":24,"minecraft:snowball":6,"minecraft:iron_axe":9,"minecraft:bow":3,"minecraft:furnace":8,"tombstone:gift":4,"projectvibrantjourneys:oak_hollow_log":1,"apocalypsenow:cream_cracker":1,"minecraft:wheat_seeds":32,"zombie_extreme:fireaxe":47,"bunker_down:steel_vent":2,"minecraft:water_bucket":42,"apocalypsenow:cooked_human_flesh":3,"minecraft:cobblestone_stairs":112,"minecraft:birch_planks":4,"minecraft:glass_bottle":114,"minecraft:stone_pickaxe":413,"minecraft:baked_potato":2,"minecraft:oak_planks":5,"minecraft:wooden_pickaxe":118,"minecraft:sand":6,"minecraft:crafting_table":5,"minecraft:white_bed":5,"minecraft:pumpkin_seeds":4,"bunker_down:steel_block":9,"bunker_down:steel_block_slab":2,"minecraft:black_concrete":4,"minecraft:light_gray_concrete":11,"minecraft:bread":11,"minecraft:oak_button":1,"minecraft:iron_pickaxe":485,"minecraft:blue_carpet":3,"minecraft:wooden_sword":26,"minecraft:cobblestone":118,"minecraft:potion":115,"minecraft:bucket":42,"minecraft:white_concrete":9,"minecraft:coarse_dirt":4}},"DataVersion":3120}