{"stats":{"minecraft:dropped":{"minecraft:rotten_flesh":2},"minecraft:killed_by":{"minecraft:player":1,"apocalypsenow:walker_29":1,"zombie_extreme:infected_police":1},"minecraft:custom":{"minecraft:interact_with_furnace":3,"minecraft:interact_with_crafting_table":10,"minecraft:leave_game":1,"minecraft:time_since_death":20711,"minecraft:sleep_in_bed":2,"minecraft:climb_one_cm":1352,"minecraft:time_since_rest":20522,"minecraft:sprint_one_cm":37997,"minecraft:damage_taken":1289,"minecraft:walk_one_cm":149504,"minecraft:damage_blocked_by_shield":100,"minecraft:drop":2,"minecraft:damage_dealt":163,"minecraft:fly_one_cm":42853,"minecraft:player_kills":1,"minecraft:open_chest":14,"minecraft:crouch_one_cm":18085,"minecraft:play_time":47155,"minecraft:deaths":3,"minecraft:sneak_time":4958,"minecraft:jump":448,"minecraft:interact_with_blast_furnace":1,"minecraft:walk_on_water_one_cm":196,"minecraft:total_world_time":47155,"minecraft:fall_one_cm":8749},"minecraft:broken":{"minecraft:wooden_pickaxe":1},"minecraft:crafted":{"minecraft:oak_planks":104,"minecraft:crafting_table":3,"minecraft:wooden_pickaxe":2,"minecraft:stone_axe":1,"minecraft:bread":27,"minecraft:golden_apple":1,"minecraft:stick":28,"minecraft:light_blue_dye":1,"minecraft:wooden_axe":2,"minecraft:stone_pickaxe":1,"minecraft:oak_stairs":4,"minecraft:light_blue_bed":1,"minecraft:dark_oak_planks":8,"minecraft:torch":12,"minecraft:wheat":90},"minecraft:mined":{"mekanism:osmium_ore":4,"minecraft:spruce_planks":1,"minecraft:white_bed":1,"minecraft:red_bed":1,"minecraft:potted_blue_orchid":1,"minecraft:dark_oak_wood":2,"minecraft:oak_planks":1,"minecraft:wall_torch":1,"minecraft:spruce_stairs":1,"minecraft:hay_block":1,"minecraft:sticky_piston":1,"k_turrets:titanium_ore":2,"minecraft:yellow_bed":1,"minecraft:grass":1,"minecraft:oak_log":9,"minecraft:coal_ore":59,"minecraft:dirt":64,"minecraft:stripped_oak_log":20,"minecraft:spruce_wood":12,"minecraft:stone":59,"minecraft:oak_leaves":1,"minecraft:spruce_slab":1},"minecraft:picked_up":{"minecraft:stripped_oak_log":20,"minecraft:flower_pot":1,"minecraft:golden_leggings":1,"minecraft:oak_log":7,"minecraft:yellow_bed":1,"minecraft:dirt":62,"minecraft:red_bed":1,"minecraft:wooden_sword":1,"minecraft:sticky_piston":1,"minecraft:blue_orchid":1,"minecraft:spruce_planks":1,"minecraft:spruce_wood":12,"minecraft:spruce_slab":1,"minecraft:oak_planks":1,"minecraft:golden_helmet":1,"projectvibrantjourneys:bark_mushroom":1,"minecraft:torch":1,"minecraft:spruce_stairs":1,"minecraft:white_bed":1,"mekanism:raw_osmium":4,"minecraft:rotten_flesh":4,"zombie_extreme:bandage":1,"k_turrets:raw_titanium":2,"minecraft:hay_block":1,"minecraft:dark_oak_wood":2,"minecraft:coal":58,"minecraft:cobblestone":59},"minecraft:used":{"minecraft:spruce_slab":1,"minecraft:stone_pickaxe":79,"minecraft:oak_planks":65,"minecraft:shield":6,"minecraft:wooden_pickaxe":59,"minecraft:torch":7,"minecraft:dirt":26,"minecraft:crafting_table":3,"minecraft:red_bed":1,"minecraft:spruce_stairs":1,"minecraft:white_bed":1,"zombie_extreme:bandage":1,"minecraft:sticky_piston":1,"minecraft:wooden_axe":41,"minecraft:flower_pot":1,"minecraft:oak_stairs":4,"minecraft:bread":5,"minecraft:light_blue_bed":1,"minecraft:golden_leggings":1,"minecraft:golden_helmet":1,"minecraft:oak_sapling":1,"tombstone:gift":1,"alexsmobs:animal_dictionary":1}},"DataVersion":3120}