{"stats":{"minecraft:killed_by":{"minecraft:player":1,"zombie_extreme:infected_police":1},"minecraft:custom":{"minecraft:time_since_rest":1604,"minecraft:sprint_one_cm":30769,"minecraft:interact_with_furnace":2,"minecraft:damage_taken":630,"minecraft:walk_one_cm":76211,"minecraft:damage_dealt":36,"minecraft:interact_with_crafting_table":3,"minecraft:fly_one_cm":41082,"minecraft:player_kills":1,"minecraft:open_chest":8,"minecraft:crouch_one_cm":13715,"minecraft:play_time":24019,"minecraft:deaths":2,"minecraft:sneak_time":2516,"minecraft:jump":247,"minecraft:leave_game":1,"minecraft:time_since_death":2928,"minecraft:walk_on_water_one_cm":196,"minecraft:sleep_in_bed":2,"minecraft:climb_one_cm":1125,"minecraft:total_world_time":24019,"minecraft:fall_one_cm":5720},"minecraft:mined":{"minecraft:red_bed":1,"minecraft:sticky_piston":1,"minecraft:grass":1,"minecraft:stripped_oak_log":20,"minecraft:spruce_slab":1},"minecraft:crafted":{"minecraft:oak_planks":80,"minecraft:crafting_table":1,"minecraft:stick":16,"minecraft:wooden_pickaxe":1,"minecraft:wooden_axe":1,"minecraft:oak_stairs":4},"minecraft:picked_up":{"minecraft:stripped_oak_log":20,"minecraft:red_bed":1,"minecraft:sticky_piston":1,"minecraft:rotten_flesh":1,"minecraft:spruce_slab":1},"minecraft:used":{"minecraft:sticky_piston":1,"minecraft:wooden_axe":15,"minecraft:spruce_slab":1,"minecraft:oak_stairs":4,"minecraft:bread":3,"minecraft:oak_planks":56,"minecraft:shield":2,"minecraft:crafting_table":1,"minecraft:red_bed":1,"minecraft:oak_sapling":1,"alexsmobs:animal_dictionary":1}},"DataVersion":3120}