{"stats":{"minecraft:killed":{"minecraft:cave_spider":1,"apocalypsenow:walker_14":1,"apocalypsenow:runner_45":1,"apocalypsenow:runner_40":1,"minecraft:squid":1,"apocalypsenow:runner_51":1,"mowziesmobs:naga":1},"minecraft:dropped":{"apocalypsenow:human_flesh":2,"minecraft:wheat_seeds":3,"minecraft:glass_bottle":1,"minecraft:cobblestone":1,"minecraft:polished_andesite":6,"minecraft:cobweb":4,"minecraft:dirt":20,"alexsmobs:serrated_shark_tooth":1,"minecraft:potion":1,"minecraft:bone":1,"minecraft:gravel":5,"minecraft:bricks":1,"minecraft:moss_carpet":1,"minecraft:coarse_dirt":6,"apocalypsenow:wine":1,"minecraft:rotten_flesh":11,"minecraft:oak_planks":1,"minecraft:light_gray_concrete":1,"minecraft:potato":2,"mysticalagriculture:inferium_essence":1,"minecraft:leather_boots":1,"minecraft:arrow":1,"minecraft:stone_pickaxe":1,"minecraft:stripped_spruce_wood":3},"minecraft:broken":{"bunker_down:brittle_pickaxe":1,"minecraft:wooden_shovel":1,"minecraft:wooden_pickaxe":2,"minecraft:stone_pickaxe":1},"minecraft:custom":{"minecraft:mob_kills":6,"minecraft:interact_with_crafting_table":24,"minecraft:open_barrel":2,"minecraft:leave_game":3,"minecraft:time_since_death":25187,"minecraft:climb_one_cm":30143,"minecraft:sprint_one_cm":113324,"minecraft:walk_one_cm":574450,"minecraft:damage_blocked_by_shield":425,"minecraft:drop":25,"minecraft:play_time":188602,"minecraft:deaths":11,"minecraft:sneak_time":12289,"minecraft:walk_under_water_one_cm":30834,"tombstone:tomb_raiding":1,"minecraft:jump":2074,"minecraft:walk_on_water_one_cm":67033,"minecraft:total_world_time":188602,"minecraft:interact_with_furnace":31,"minecraft:sleep_in_bed":6,"minecraft:time_since_rest":24961,"minecraft:damage_taken":5925,"tombstone:sneak_grave":1,"minecraft:damage_dealt":1306,"minecraft:player_kills":1,"minecraft:swim_one_cm":101685,"minecraft:fly_one_cm":110773,"minecraft:open_chest":39,"minecraft:crouch_one_cm":31116,"tombstone:undead_killed":4,"minecraft:fall_one_cm":22839},"minecraft:crafted":{"minecraft:oak_planks":86,"minecraft:furnace":6,"minecraft:cobblestone_stairs":104,"minecraft:flint_and_steel":1,"minecraft:bow":1,"minecraft:stone_pickaxe":3,"minecraft:chest":1,"minecraft:oak_button":1,"minecraft:stone_hoe":1,"minecraft:wooden_shovel":1,"minecraft:crafting_table":3,"minecraft:wooden_pickaxe":2,"minecraft:baked_potato":2,"minecraft:copper_ingot":25,"minecraft:pumpkin_seeds":4,"minecraft:bread":2,"minecraft:stick":20,"apocalypsenow:cooked_human_flesh":3,"minecraft:iron_pickaxe":1,"minecraft:white_bed":2,"minecraft:torch":40},"minecraft:killed_by":{"apocalypsenow:runner_38":1,"apocalypsenow:looter_1":1,"kevin_trophy:blister_zombie":2,"apocalypsenow:runner_45":1,"apocalypsenow:runner_41":1,"mowziesmobs:naga":1},"minecraft:picked_up":{"toughasnails:leaf_leggings":1,"minecraft:crafting_table":1,"minecraft:coarse_dirt":10,"minecraft:wheat":7,"zombie_extreme:raw_tin":3,"minecraft:potion":2,"minecraft:stone_brick_stairs":1,"minecraft:blue_concrete":5,"minecraft:string":7,"minecraft:moss_carpet":2,"minecraft:raw_copper":27,"minecraft:iron_shovel":1,"apocalypsenow:cigarettes":1,"alexsmobs:serrated_shark_tooth":1,"mysticalagriculture:inferium_essence":19,"farmersdelight:cabbage":1,"minecraft:spruce_planks":5,"toughasnails:leaf_boots":1,"dynamictrees:oak_seed":1,"minecraft:chest":1,"farmersdelight:cabbage_seeds":5,"minecraft:stick":10,"minecraft:raw_iron":31,"zombie_extreme:soda_used":2,"minecraft:torch":2,"tombstone:grave_dust":2,"minecraft:redstone":2,"minecraft:blue_carpet":7,"tconstruct:sky_slime_ball":8,"minecraft:arrow":4,"minecraft:rotten_flesh":27,"minecraft:iron_bars":7,"minecraft:snowball":22,"minecraft:white_wool":6,"minecraft:cobblestone":505,"minecraft:sponge":1,"minecraft:glow_ink_sac":3,"minecraft:water_bucket":1,"bunker_down:steel_vent":4,"minecraft:potato":2,"minecraft:birch_planks":16,"toughasnails:leaf_helmet":1,"minecraft:flint":2,"minecraft:stripped_spruce_wood":6,"minecraft:oak_log":20,"minecraft:cobblestone_stairs":2,"projectvibrantjourneys:oak_hollow_log":4,"minecraft:dirt":137,"tombstone:gift":1,"bunker_down:steel_block":29,"minecraft:wheat_seeds":32,"apocalypsenow:human_flesh":3,"minecraft:iron_ingot":4,"minecraft:stone_pickaxe":1,"minecraft:cobweb":4,"minecraft:glass_bottle":1,"minecraft:oak_planks":11,"minecraft:book":4,"toughasnails:leaf_chestplate":1,"minecraft:gravel":11,"minecraft:sand":6,"minecraft:white_bed":3,"mekanism:raw_osmium":32,"bunker_down:steel_block_slab":3,"apocalypsenow:fishermans_knife":1,"minecraft:light_gray_concrete":36,"minecraft:polished_andesite":6,"minecraft:black_concrete":4,"minecraft:lever":1,"minecraft:white_concrete":9,"minecraft:red_concrete":4,"minecraft:bricks":1,"minecraft:coal":59},"minecraft:mined":{"minecraft:white_bed":3,"dtterralith:oak_sparse_leaves":1,"minecraft:cobblestone_stairs":2,"biomesoplenty:desert_grass":3,"minecraft:grass_block":71,"minecraft:blue_concrete":5,"minecraft:white_concrete":9,"mysticalagriculture:inferium_ore":5,"minecraft:iron_ore":1,"minecraft:black_concrete":2,"bunker_down:steel_vent":4,"minecraft:iron_bars":7,"minecraft:light_gray_concrete":29,"bunker_down:steel_block":30,"minecraft:stone":497,"minecraft:white_wool":6,"dtterralith:birch_short_conifer_leaves":4,"minecraft:crafting_table":1,"minecraft:cobblestone":13,"farmersdelight:cabbages":1,"minecraft:tall_grass":14,"minecraft:copper_ore":11,"biomesoplenty:sprout":1,"minecraft:red_concrete":2,"minecraft:oak_planks":11,"minecraft:birch_planks":16,"minecraft:coarse_dirt":4,"zombie_extreme:ore_tin":3,"minecraft:stripped_spruce_wood":3,"minecraft:wheat":11,"bunker_down:steel_block_slab":1,"minecraft:stone_brick_stairs":1,"minecraft:grass":39,"minecraft:coal_ore":53,"minecraft:oak_log":1,"projectvibrantjourneys:short_grass":13,"minecraft:gravel":8,"minecraft:sand":7,"minecraft:dirt":46,"minecraft:cobweb":4,"minecraft:polished_andesite":4,"projectvibrantjourneys:oak_hollow_log":4,"tconstruct:sky_congealed_slime":2},"minecraft:used":{"minecraft:moss_carpet":1,"minecraft:iron_bars":2,"minecraft:iron_shovel":7,"farmersdelight:cabbage_seeds":3,"minecraft:chest":2,"minecraft:shield":13,"farmersdelight:cabbage":1,"minecraft:wooden_shovel":65,"minecraft:stone_hoe":9,"minecraft:rotten_flesh":17,"minecraft:torch":18,"minecraft:dirt":55,"bunker_down:brittle_pickaxe":24,"minecraft:snowball":6,"minecraft:bow":1,"minecraft:furnace":4,"tombstone:gift":4,"projectvibrantjourneys:oak_hollow_log":1,"apocalypsenow:cream_cracker":1,"minecraft:wheat_seeds":23,"zombie_extreme:fireaxe":45,"bunker_down:steel_vent":2,"minecraft:water_bucket":42,"apocalypsenow:cooked_human_flesh":2,"minecraft:cobblestone_stairs":106,"minecraft:birch_planks":4,"minecraft:glass_bottle":107,"minecraft:stone_pickaxe":347,"minecraft:baked_potato":2,"minecraft:oak_planks":5,"minecraft:wooden_pickaxe":118,"minecraft:sand":6,"minecraft:crafting_table":4,"minecraft:white_bed":5,"minecraft:pumpkin_seeds":4,"bunker_down:steel_block":9,"bunker_down:steel_block_slab":2,"minecraft:black_concrete":4,"minecraft:light_gray_concrete":11,"minecraft:bread":11,"minecraft:oak_button":1,"minecraft:iron_pickaxe":223,"minecraft:blue_carpet":3,"minecraft:wooden_sword":16,"minecraft:cobblestone":43,"minecraft:potion":108,"minecraft:bucket":42,"minecraft:white_concrete":9,"minecraft:coarse_dirt":4}},"DataVersion":3120}