{"stats":{"minecraft:killed":{"minecraft:cave_spider":1,"apocalypsenow:crawler_4":1,"apocalypsenow:walker_29":1,"apocalypsenow:walker_26":2,"zombie_extreme:goon":1,"apocalypsenow:runner_42":1,"apocalypsenow:runner_45":2,"apocalypsenow:runner_54":1,"apocalypsenow:walker_12":1,"apocalypsenow:walker_13":1,"apocalypsenow:runner_43":1,"apocalypsenow:runner_44":2,"mowziesmobs:naga":1,"apocalypsenow:walker_19":2,"apocalypsenow:runner_35":1,"apocalypsenow:walker_3":1,"apocalypsenow:walker_14":1,"apocalypsenow:walker_18":1,"apocalypsenow:walker_4":1,"apocalypsenow:walker_30":1,"zombie_extreme:crawler":1,"zombie_extreme:boomer":1,"apocalypsenow:runner_40":1,"apocalypsenow:walker_9":1,"minecraft:squid":1,"apocalypsenow:walker_27":1,"apocalypsenow:walker_17":1,"apocalypsenow:runner_51":2},"minecraft:dropped":{"minecraft:glass_bottle":2,"zombie_extreme:rotten_apple":3,"minecraft:cobblestone_stairs":3,"minecraft:dirt":20,"minecraft:grass":2,"alexsmobs:serrated_shark_tooth":1,"minecraft:wooden_sword":1,"minecraft:iron_pickaxe":1,"minecraft:bone":1,"minecraft:gravel":5,"minecraft:wheat":6,"minecraft:rotten_flesh":11,"minecraft:oak_planks":1,"projectvibrantjourneys:short_grass":1,"biomesoplenty:desert_grass":2,"mysticalagriculture:inferium_essence":5,"biomesoplenty:wildflower":6,"minecraft:leather_boots":1,"minecraft:arrow":1,"apocalypsenow:human_flesh":2,"farmersdelight:tomato_seeds":3,"minecraft:water_bucket":1,"minecraft:wheat_seeds":6,"minecraft:feather":2,"minecraft:cobblestone":10,"minecraft:polished_andesite":6,"minecraft:cobweb":4,"tombstone:grave_dust":2,"minecraft:potion":1,"minecraft:iron_axe":1,"toughasnails:leaf_leggings":2,"minecraft:string":1,"minecraft:red_concrete":2,"minecraft:bricks":1,"minecraft:moss_carpet":3,"minecraft:coarse_dirt":6,"apocalypsenow:wine":1,"apocalypsenow:drill":1,"minecraft:light_gray_concrete":4,"minecraft:potato":2,"minecraft:spruce_planks":1,"bunker_down:steel_block":6,"minecraft:stone_pickaxe":1,"minecraft:stripped_spruce_wood":3},"minecraft:broken":{"bunker_down:brittle_pickaxe":1,"toughasnails:leaf_boots":1,"minecraft:wooden_shovel":1,"toughasnails:leaf_chestplate":2,"minecraft:stone_pickaxe":11,"toughasnails:leaf_leggings":2,"minecraft:wooden_pickaxe":2,"minecraft:leather_boots":1,"minecraft:iron_pickaxe":2,"toughasnails:leaf_helmet":2},"minecraft:custom":{"minecraft:interact_with_crafting_table":52,"minecraft:open_barrel":2,"minecraft:leave_game":4,"minecraft:time_since_death":2339,"minecraft:sprint_one_cm":341439,"minecraft:damage_blocked_by_shield":1125,"minecraft:drop":64,"minecraft:play_time":360207,"minecraft:deaths":23,"tombstone:tomb_raiding":1,"minecraft:jump":3614,"minecraft:walk_on_water_one_cm":81719,"minecraft:interact_with_furnace":132,"minecraft:sleep_in_bed":8,"minecraft:waystone_activated":1,"tombstone:sneak_grave":1,"minecraft:damage_dealt":5580,"minecraft:player_kills":2,"minecraft:crouch_one_cm":86821,"tombstone:undead_killed":26,"minecraft:use_cauldron":5,"minecraft:mob_kills":37,"minecraft:interact_with_anvil":1,"minecraft:damage_dealt_resisted":4,"minecraft:climb_one_cm":88110,"minecraft:walk_one_cm":1138068,"minecraft:sneak_time":30751,"minecraft:walk_under_water_one_cm":30834,"minecraft:total_world_time":360207,"minecraft:time_since_rest":2044,"minecraft:damage_taken":11374,"minecraft:swim_one_cm":101685,"minecraft:fly_one_cm":260043,"minecraft:open_chest":167,"minecraft:fall_one_cm":56521},"minecraft:crafted":{"minecraft:oak_planks":86,"mekanism:ingot_osmium":33,"minecraft:stone":50,"minecraft:cobblestone_stairs":116,"toughasnails:leaf_leggings":2,"sulfurpotassiummod:potassium":16,"minecraft:bow":1,"minecraft:chest":7,"toughasnails:leaf_helmet":1,"minecraft:oak_button":1,"easy_steel:tin_ingot":20,"minecraft:stone_hoe":1,"zombie_extreme:ignot_aluminum":4,"mekanism:ingot_tin":30,"minecraft:wooden_shovel":1,"zombie_extreme:ignotlead":2,"minecraft:crafting_table":4,"minecraft:wooden_pickaxe":2,"minecraft:baked_potato":2,"minecraft:copper_ingot":27,"minecraft:pumpkin_seeds":4,"mekanism:ingot_lead":8,"minecraft:stick":36,"minecraft:iron_pickaxe":4,"minecraft:iron_ingot":30,"minecraft:shears":2,"minecraft:stone_shovel":1,"demogorgon:blighted_planks":20,"zombie_extreme:ignot_thorium":2,"zombie_extreme:ignotsteel":2,"minecraft:furnace":6,"minecraft:flint_and_steel":1,"minecraft:iron_axe":1,"minecraft:stone_pickaxe":9,"zombie_extreme:ignot_tin":14,"toughasnails:leaf_chestplate":1,"minecraft:bread":10,"apocalypsenow:cooked_human_flesh":8,"minecraft:white_bed":2,"minecraft:acacia_planks":8,"minecraft:torch":80},"minecraft:killed_by":{"mowziesmobs:naga":1,"apocalypsenow:runner_42":2,"zombie_extreme:divided":1,"minecraft:zombie":1,"apocalypsenow:runner_45":1,"apocalypsenow:runner_38":1,"apocalypsenow:runner_39":1,"minecraft:player":5,"apocalypsenow:looter_1":1,"kevin_trophy:blister_zombie":2,"apocalypsenow:runner_41":1},"minecraft:picked_up":{"toughasnails:leaf_leggings":2,"minecraft:wheat":34,"minecraft:iron_trapdoor":2,"minecraft:potion":2,"minecraft:stone_brick_stairs":1,"minecraft:blue_concrete":5,"biomesoplenty:desert_grass":2,"minecraft:string":9,"minecraft:raw_copper":57,"mysticalagriculture:inferium_essence":73,"farmersdelight:cabbage":6,"minecraft:spruce_planks":5,"toughasnails:leaf_boots":1,"grapplemod:grapplinghook":1,"dynamictrees:oak_seed":1,"minecraft:iron_pickaxe":1,"farmersdelight:cabbage_seeds":18,"minecraft:furnace":2,"zombie_extreme:raw_aluminum":4,"minecraft:stick":10,"apocalypsenow:drill":2,"bunker_down:airlock_iron_trapdoor":3,"sulfurpotassiummod:raw_potassium":16,"minecraft:torch":24,"minecraft:target":1,"tombstone:grave_dust":8,"mekanism:raw_tin":30,"minecraft:light_gray_bed":1,"minecraft:rotten_flesh":136,"demogorgon:blighted_log_hyphae":4,"zombie_extreme:rotten_apple":4,"minecraft:snowball":22,"minecraft:iron_bars":7,"minecraft:cobblestone":1520,"minecraft:sponge":1,"minecraft:feather":2,"minecraft:water_bucket":1,"bunker_down:steel_vent":4,"minecraft:potato":11,"toughasnails:leaf_helmet":1,"minecraft:flint":11,"minecraft:stripped_spruce_wood":6,"projectvibrantjourneys:oak_hollow_log":4,"farmersdelight:tomato":5,"minecraft:dirt":182,"minecraft:wheat_seeds":96,"apocalypsenow:human_flesh":3,"minecraft:oak_planks":11,"minecraft:sand":6,"apocalypsenow:fishermans_knife":1,"minecraft:light_gray_concrete":39,"minecraft:polished_andesite":6,"minecraft:black_concrete":4,"minecraft:lever":1,"minecraft:grass":2,"zombie_extreme:raw_thorium":2,"minecraft:white_concrete":11,"minecraft:bricks":1,"minecraft:oak_leaves":26,"minecraft:coarse_dirt":10,"minecraft:crafting_table":1,"zombie_extreme:raw_tin":14,"minecraft:moss_carpet":4,"minecraft:iron_axe":1,"minecraft:iron_shovel":1,"apocalypsenow:cigarettes":1,"alexsmobs:serrated_shark_tooth":1,"additionalguns:aks74u":1,"projectvibrantjourneys:short_grass":2,"biomesoplenty:wildflower":6,"minecraft:chest":1,"biomesoplenty:hanging_cobweb":6,"minecraft:raw_iron":56,"zombie_extreme:soda_used":2,"farmersdelight:tomato_seeds":8,"minecraft:redstone":2,"minecraft:blue_carpet":7,"toughasnails:empty_canteen":1,"additionalguns:casing_short":22,"tconstruct:sky_slime_ball":8,"minecraft:arrow":4,"k_turrets:raw_titanium":12,"easy_steel:raw_tin":20,"minecraft:white_wool":6,"mekanism:raw_lead":8,"minecraft:glow_ink_sac":3,"minecraft:birch_planks":16,"minecraft:oak_log":20,"minecraft:gunpowder":2,"minecraft:cobblestone_stairs":3,"zombie_extreme:raw_steel":2,"tombstone:gift":1,"bunker_down:steel_block":36,"zombie_extreme:raw_lead":2,"demogorgon:blighted_log":1,"minecraft:iron_ingot":4,"minecraft:stone_pickaxe":1,"minecraft:cobweb":4,"minecraft:glass_bottle":1,"minecraft:book":4,"toughasnails:leaf_chestplate":1,"projectvibrantjourneys:acacia_hollow_log":2,"minecraft:gravel":122,"minecraft:white_bed":3,"mekanism:raw_osmium":46,"bunker_down:steel_block_slab":3,"mowziesmobs:umvuthana_mask_fear":1,"minecraft:red_concrete":6,"minecraft:coal":161},"minecraft:mined":{"minecraft:white_bed":3,"minecraft:cobblestone_stairs":2,"minecraft:grass_block":93,"minecraft:blue_concrete":5,"minecraft:light_gray_bed":1,"minecraft:white_concrete":9,"mysticalagriculture:inferium_ore":18,"minecraft:iron_ore":25,"minecraft:fire":4,"zombie_extreme:ore_steel":2,"minecraft:target":1,"minecraft:moss_carpet":1,"biomesoplenty:hanging_cobweb":8,"biomesoplenty:webbing":45,"minecraft:iron_bars":7,"minecraft:light_gray_concrete":32,"mekanism:osmium_ore":14,"dtterralith:birch_short_conifer_leaves":4,"biomesoplenty:wildflower":1,"biomesoplenty:hanging_cobweb_strand":4,"minecraft:torch":15,"projectvibrantjourneys:twigs":1,"mekanism:tin_ore":30,"farmersdelight:cabbages":6,"minecraft:cobblestone":22,"minecraft:oak_planks":11,"minecraft:wall_torch":3,"zombie_extreme:thorium_ore":2,"minecraft:wheat":36,"bunker_down:steel_block_slab":1,"minecraft:stone_brick_stairs":1,"minecraft:grass":48,"minecraft:oak_log":1,"projectvibrantjourneys:short_grass":19,"mekanism:lead_ore":8,"minecraft:sand":7,"minecraft:dirt":53,"minecraft:oak_leaves":28,"dtterralith:oak_sparse_leaves":1,"demogorgon:blighted_log_hyphae":4,"biomesoplenty:desert_grass":8,"projectvibrantjourneys:rocks":1,"farmersdelight:tomatoes":5,"minecraft:furnace":2,"zombie_extreme:ore_lead":2,"minecraft:black_concrete":2,"bunker_down:airlock_iron_trapdoor":3,"bunker_down:steel_vent":4,"minecraft:potatoes":3,"sulfurpotassiummod:potassium_ore":14,"bunker_down:steel_block":37,"demogorgon:blighted_log":1,"minecraft:stone":1500,"minecraft:white_wool":6,"zombie_extreme:ore_aluminum":4,"minecraft:crafting_table":1,"dynamictrees:acacia_leaves":2,"minecraft:tall_grass":17,"minecraft:copper_ore":18,"biomesoplenty:sprout":1,"minecraft:red_concrete":4,"projectvibrantjourneys:acacia_hollow_log":2,"minecraft:birch_planks":16,"minecraft:coarse_dirt":4,"zombie_extreme:ore_tin":14,"minecraft:stripped_spruce_wood":3,"easy_steel:cassiterite_ore":20,"k_turrets:titanium_ore":12,"minecraft:coal_ore":155,"minecraft:gravel":64,"minecraft:cobweb":5,"minecraft:polished_andesite":4,"projectvibrantjourneys:oak_hollow_log":4,"minecraft:iron_trapdoor":2,"tconstruct:sky_congealed_slime":2},"minecraft:used":{"minecraft:moss_carpet":1,"minecraft:iron_shovel":66,"farmersdelight:cabbage_seeds":11,"minecraft:chest":8,"minecraft:shield":35,"farmersdelight:cabbage":1,"minecraft:rotten_flesh":22,"minecraft:snowball":6,"minecraft:bow":3,"minecraft:furnace":8,"bunker_down:steel_vent":2,"zombie_extreme:fireaxe":117,"apocalypsenow:cooked_human_flesh":6,"minecraft:stone_pickaxe":1257,"minecraft:oak_planks":8,"apocalypsenow:drill":112,"minecraft:wooden_pickaxe":118,"minecraft:cookie":1,"minecraft:sand":6,"minecraft:shears":30,"minecraft:pumpkin_seeds":4,"bunker_down:steel_block":10,"minecraft:black_concrete":4,"minecraft:light_gray_concrete":11,"minecraft:bread":19,"apocalypsenow:nutrition_bar":1,"minecraft:gravel":32,"bunker_down:airlock_iron_trapdoor":3,"minecraft:wooden_sword":26,"minecraft:air":1,"minecraft:white_concrete":9,"minecraft:coarse_dirt":4,"minecraft:iron_bars":2,"minecraft:flint_and_steel":5,"toughasnails:leaf_helmet":1,"projectvibrantjourneys:short_grass":1,"minecraft:wooden_shovel":65,"minecraft:stone_hoe":9,"minecraft:torch":104,"minecraft:dirt":164,"bunker_down:brittle_pickaxe":24,"toughasnails:empty_canteen":1,"minecraft:iron_axe":40,"minecraft:iron_trapdoor":2,"tombstone:gift":5,"farmersdelight:tomato_seeds":5,"projectvibrantjourneys:oak_hollow_log":1,"minecraft:light_gray_bed":1,"apocalypsenow:cream_cracker":1,"minecraft:wheat_seeds":47,"minecraft:water_bucket":42,"minecraft:cobblestone_stairs":116,"minecraft:birch_planks":4,"minecraft:glass_bottle":185,"minecraft:baked_potato":2,"zombie_extreme:rotten_apple":1,"minecraft:crafting_table":5,"minecraft:white_bed":5,"bunker_down:steel_block_slab":2,"minecraft:oak_button":1,"minecraft:iron_pickaxe":513,"minecraft:blue_carpet":3,"minecraft:cobblestone":158,"minecraft:potion":188,"toughasnails:purified_water_bottle":5,"minecraft:white_banner":1,"toughasnails:purified_water_canteen":2,"minecraft:bucket":42}},"DataVersion":3120}