{"stats":{"minecraft:custom":{"minecraft:time_since_rest":1526,"minecraft:open_chest":4,"minecraft:play_time":8288,"minecraft:crouch_one_cm":12113,"minecraft:interact_with_furnace":2,"minecraft:sprint_one_cm":3562,"minecraft:damage_taken":45,"minecraft:walk_one_cm":21833,"minecraft:sneak_time":2092,"minecraft:jump":44,"minecraft:time_since_death":8288,"minecraft:sleep_in_bed":1,"minecraft:total_world_time":8288,"minecraft:climb_one_cm":132,"minecraft:fall_one_cm":693,"minecraft:fly_one_cm":3585},"minecraft:mined":{"minecraft:red_bed":1,"minecraft:stripped_oak_log":4,"minecraft:sticky_piston":1,"minecraft:spruce_slab":1},"minecraft:crafted":{"minecraft:oak_planks":16},"minecraft:picked_up":{"minecraft:stripped_oak_log":4,"minecraft:sticky_piston":1,"minecraft:spruce_slab":1,"minecraft:red_bed":1},"minecraft:used":{"minecraft:sticky_piston":1,"minecraft:red_bed":1,"minecraft:spruce_slab":1}},"DataVersion":3120}