{"stats":{"minecraft:killed":{"apocalypsenow:runner_45":1,"apocalypsenow:runner_40":1,"minecraft:squid":1,"apocalypsenow:runner_51":1,"mowziesmobs:naga":1},"minecraft:dropped":{"apocalypsenow:human_flesh":2,"minecraft:wheat_seeds":3,"minecraft:glass_bottle":1,"minecraft:cobblestone":1,"minecraft:polished_andesite":6,"minecraft:cobweb":4,"minecraft:dirt":20,"alexsmobs:serrated_shark_tooth":1,"minecraft:potion":1,"minecraft:bone":1,"minecraft:bricks":1,"minecraft:moss_carpet":1,"minecraft:coarse_dirt":6,"minecraft:oak_planks":1,"minecraft:potato":2,"mysticalagriculture:inferium_essence":1,"minecraft:leather_boots":1,"minecraft:arrow":1,"minecraft:stone_pickaxe":1,"minecraft:stripped_spruce_wood":3},"minecraft:broken":{"bunker_down:brittle_pickaxe":1,"minecraft:wooden_shovel":1,"minecraft:wooden_pickaxe":2,"minecraft:stone_pickaxe":1},"minecraft:custom":{"minecraft:mob_kills":4,"minecraft:interact_with_crafting_table":18,"minecraft:open_barrel":2,"minecraft:leave_game":2,"minecraft:time_since_death":14820,"minecraft:climb_one_cm":9018,"minecraft:sprint_one_cm":93560,"minecraft:walk_one_cm":434613,"minecraft:damage_blocked_by_shield":345,"minecraft:drop":21,"minecraft:play_time":152987,"minecraft:deaths":10,"minecraft:sneak_time":10407,"minecraft:walk_under_water_one_cm":30438,"minecraft:jump":1567,"minecraft:walk_on_water_one_cm":64877,"minecraft:total_world_time":152987,"minecraft:interact_with_furnace":16,"minecraft:sleep_in_bed":6,"minecraft:time_since_rest":14693,"minecraft:damage_taken":5277,"minecraft:damage_dealt":1097,"minecraft:swim_one_cm":101685,"minecraft:fly_one_cm":98855,"minecraft:open_chest":26,"minecraft:crouch_one_cm":27815,"tombstone:undead_killed":3,"minecraft:fall_one_cm":17222},"minecraft:crafted":{"minecraft:oak_planks":86,"minecraft:furnace":6,"minecraft:stone_pickaxe":2,"minecraft:chest":1,"minecraft:oak_button":1,"minecraft:stone_hoe":1,"minecraft:wooden_shovel":1,"minecraft:crafting_table":3,"minecraft:wooden_pickaxe":2,"minecraft:baked_potato":2,"minecraft:copper_ingot":25,"minecraft:pumpkin_seeds":4,"minecraft:bread":1,"minecraft:stick":16,"apocalypsenow:cooked_human_flesh":1,"minecraft:iron_pickaxe":1,"minecraft:white_bed":2,"minecraft:torch":40},"minecraft:killed_by":{"apocalypsenow:runner_38":1,"apocalypsenow:looter_1":1,"kevin_trophy:blister_zombie":2,"apocalypsenow:runner_45":1,"apocalypsenow:runner_41":1,"mowziesmobs:naga":1},"minecraft:picked_up":{"toughasnails:leaf_leggings":1,"minecraft:crafting_table":1,"minecraft:coarse_dirt":10,"minecraft:wheat":3,"minecraft:potion":2,"minecraft:string":5,"minecraft:moss_carpet":2,"minecraft:raw_copper":25,"minecraft:iron_shovel":1,"apocalypsenow:cigarettes":1,"alexsmobs:serrated_shark_tooth":1,"mysticalagriculture:inferium_essence":4,"farmersdelight:cabbage":1,"minecraft:spruce_planks":5,"toughasnails:leaf_boots":1,"dynamictrees:oak_seed":1,"minecraft:chest":1,"farmersdelight:cabbage_seeds":5,"minecraft:stick":10,"zombie_extreme:soda_used":2,"minecraft:torch":1,"tombstone:grave_dust":1,"minecraft:redstone":2,"minecraft:blue_carpet":7,"tconstruct:sky_slime_ball":8,"minecraft:arrow":3,"minecraft:rotten_flesh":15,"minecraft:iron_bars":7,"minecraft:snowball":22,"minecraft:white_wool":6,"minecraft:cobblestone":303,"minecraft:sponge":1,"minecraft:glow_ink_sac":3,"minecraft:water_bucket":1,"bunker_down:steel_vent":4,"minecraft:potato":2,"minecraft:birch_planks":16,"toughasnails:leaf_helmet":1,"minecraft:flint":2,"minecraft:stripped_spruce_wood":6,"minecraft:oak_log":20,"projectvibrantjourneys:oak_hollow_log":4,"minecraft:dirt":133,"bunker_down:steel_block":29,"minecraft:wheat_seeds":22,"apocalypsenow:human_flesh":3,"minecraft:iron_ingot":4,"minecraft:stone_pickaxe":1,"minecraft:cobweb":4,"minecraft:glass_bottle":1,"minecraft:oak_planks":11,"minecraft:book":4,"toughasnails:leaf_chestplate":1,"minecraft:gravel":6,"minecraft:sand":6,"minecraft:white_bed":3,"bunker_down:steel_block_slab":3,"apocalypsenow:fishermans_knife":1,"minecraft:light_gray_concrete":35,"minecraft:polished_andesite":6,"minecraft:black_concrete":2,"minecraft:lever":1,"minecraft:red_concrete":4,"minecraft:bricks":1,"minecraft:coal":59},"minecraft:mined":{"minecraft:white_bed":3,"dtterralith:oak_sparse_leaves":1,"minecraft:grass_block":62,"bunker_down:steel_vent":4,"minecraft:iron_bars":7,"minecraft:light_gray_concrete":29,"bunker_down:steel_block":30,"minecraft:stone":294,"minecraft:white_wool":6,"dtterralith:birch_short_conifer_leaves":4,"minecraft:crafting_table":1,"minecraft:cobblestone":11,"farmersdelight:cabbages":1,"minecraft:tall_grass":14,"minecraft:copper_ore":10,"biomesoplenty:sprout":1,"minecraft:red_concrete":2,"minecraft:oak_planks":11,"minecraft:birch_planks":16,"minecraft:coarse_dirt":4,"minecraft:stripped_spruce_wood":3,"minecraft:wheat":5,"bunker_down:steel_block_slab":1,"minecraft:grass":38,"minecraft:oak_log":1,"minecraft:coal_ore":53,"projectvibrantjourneys:short_grass":12,"minecraft:gravel":8,"minecraft:sand":7,"minecraft:dirt":46,"minecraft:cobweb":4,"minecraft:polished_andesite":4,"projectvibrantjourneys:oak_hollow_log":4,"tconstruct:sky_congealed_slime":2},"minecraft:used":{"minecraft:moss_carpet":1,"minecraft:iron_bars":2,"minecraft:iron_shovel":7,"farmersdelight:cabbage_seeds":3,"minecraft:chest":2,"minecraft:shield":6,"farmersdelight:cabbage":1,"minecraft:wooden_shovel":65,"minecraft:stone_hoe":9,"minecraft:rotten_flesh":16,"minecraft:torch":5,"minecraft:dirt":53,"bunker_down:brittle_pickaxe":24,"minecraft:snowball":6,"minecraft:furnace":4,"tombstone:gift":2,"projectvibrantjourneys:oak_hollow_log":1,"apocalypsenow:cream_cracker":1,"minecraft:wheat_seeds":17,"bunker_down:steel_vent":2,"zombie_extreme:fireaxe":41,"minecraft:water_bucket":36,"minecraft:birch_planks":4,"minecraft:glass_bottle":103,"minecraft:stone_pickaxe":222,"minecraft:baked_potato":2,"minecraft:wooden_pickaxe":118,"minecraft:sand":6,"minecraft:crafting_table":4,"minecraft:white_bed":5,"minecraft:pumpkin_seeds":4,"bunker_down:steel_block":9,"bunker_down:steel_block_slab":2,"minecraft:light_gray_concrete":2,"minecraft:bread":9,"minecraft:oak_button":1,"minecraft:iron_pickaxe":107,"minecraft:blue_carpet":3,"minecraft:wooden_sword":16,"minecraft:cobblestone":23,"minecraft:potion":103,"minecraft:bucket":35,"minecraft:coarse_dirt":4}},"DataVersion":3120}