{"stats":{"minecraft:dropped":{"minecraft:rotten_flesh":2},"minecraft:killed_by":{"minecraft:player":1,"apocalypsenow:walker_29":1,"zombie_extreme:infected_police":1},"minecraft:custom":{"minecraft:time_since_rest":8522,"minecraft:sprint_one_cm":36530,"minecraft:interact_with_furnace":3,"minecraft:damage_taken":1042,"minecraft:walk_one_cm":120146,"minecraft:damage_blocked_by_shield":100,"minecraft:drop":2,"minecraft:damage_dealt":36,"minecraft:interact_with_crafting_table":8,"minecraft:fly_one_cm":42290,"minecraft:player_kills":1,"minecraft:open_chest":14,"minecraft:crouch_one_cm":14278,"minecraft:play_time":35155,"minecraft:deaths":3,"minecraft:sneak_time":2974,"minecraft:jump":327,"minecraft:leave_game":1,"minecraft:time_since_death":8711,"minecraft:walk_on_water_one_cm":196,"minecraft:sleep_in_bed":2,"minecraft:total_world_time":35155,"minecraft:climb_one_cm":1352,"minecraft:fall_one_cm":8329},"minecraft:crafted":{"minecraft:oak_planks":104,"minecraft:golden_apple":1,"minecraft:crafting_table":3,"minecraft:stick":28,"minecraft:wooden_pickaxe":2,"minecraft:oak_stairs":4,"minecraft:wooden_axe":2,"minecraft:dark_oak_planks":8,"minecraft:bread":27,"minecraft:wheat":90},"minecraft:picked_up":{"minecraft:stripped_oak_log":20,"minecraft:golden_helmet":1,"minecraft:flower_pot":1,"projectvibrantjourneys:bark_mushroom":1,"minecraft:golden_leggings":1,"minecraft:spruce_stairs":1,"minecraft:oak_log":6,"minecraft:yellow_bed":1,"minecraft:dirt":21,"minecraft:red_bed":1,"minecraft:sticky_piston":1,"minecraft:rotten_flesh":4,"minecraft:blue_orchid":1,"minecraft:hay_block":1,"minecraft:spruce_planks":1,"minecraft:spruce_wood":12,"minecraft:spruce_slab":1,"minecraft:dark_oak_wood":2,"minecraft:oak_planks":1},"minecraft:mined":{"minecraft:hay_block":1,"minecraft:spruce_stairs":1,"minecraft:spruce_planks":1,"minecraft:red_bed":1,"minecraft:sticky_piston":1,"minecraft:potted_blue_orchid":1,"minecraft:yellow_bed":1,"minecraft:dark_oak_wood":2,"minecraft:grass":1,"minecraft:oak_log":8,"minecraft:dirt":23,"minecraft:stripped_oak_log":20,"minecraft:spruce_wood":12,"minecraft:oak_planks":1,"minecraft:spruce_slab":1},"minecraft:used":{"minecraft:sticky_piston":1,"minecraft:wooden_axe":31,"minecraft:spruce_slab":1,"minecraft:oak_stairs":4,"minecraft:bread":3,"minecraft:oak_planks":65,"minecraft:shield":6,"minecraft:golden_leggings":1,"minecraft:golden_helmet":1,"minecraft:dirt":7,"minecraft:crafting_table":3,"minecraft:red_bed":1,"minecraft:oak_sapling":1,"minecraft:spruce_stairs":1,"minecraft:white_bed":1,"tombstone:gift":1,"alexsmobs:animal_dictionary":1}},"DataVersion":3120}