{"stats":{"minecraft:dropped":{"minecraft:rotten_flesh":2},"minecraft:killed_by":{"apocalypsenow:runner_39":1,"minecraft:player":1,"apocalypsenow:walker_29":1,"zombie_extreme:infected_police":1},"minecraft:custom":{"minecraft:interact_with_furnace":3,"minecraft:mob_kills":5,"minecraft:interact_with_crafting_table":13,"minecraft:leave_game":1,"minecraft:time_since_death":11964,"minecraft:sleep_in_bed":2,"minecraft:climb_one_cm":1352,"minecraft:time_since_rest":11791,"minecraft:sprint_one_cm":43529,"minecraft:damage_taken":1324,"minecraft:walk_one_cm":191133,"minecraft:damage_blocked_by_shield":100,"minecraft:drop":2,"minecraft:damage_dealt":636,"minecraft:fly_one_cm":43941,"minecraft:player_kills":1,"minecraft:open_chest":14,"minecraft:crouch_one_cm":23728,"minecraft:play_time":59155,"tombstone:undead_killed":4,"minecraft:deaths":4,"minecraft:sneak_time":7734,"minecraft:jump":525,"minecraft:interact_with_blast_furnace":2,"minecraft:walk_on_water_one_cm":196,"minecraft:total_world_time":59155,"minecraft:fall_one_cm":9707},"minecraft:broken":{"minecraft:wooden_pickaxe":1},"minecraft:killed":{"apocalypsenow:walker_7":1,"apocalypsenow:walker_32":1,"apocalypsenow:walker_22":1,"apocalypsenow:walker_31":1},"minecraft:mined":{"mekanism:osmium_ore":4,"minecraft:spruce_planks":1,"minecraft:white_bed":1,"farmersdelight:rich_soil":3,"minecraft:red_bed":1,"minecraft:potted_blue_orchid":1,"minecraft:dark_oak_wood":2,"minecraft:grass_block":3,"minecraft:oak_planks":5,"minecraft:wall_torch":1,"minecraft:spruce_stairs":1,"minecraft:hay_block":1,"minecraft:sticky_piston":1,"k_turrets:titanium_ore":2,"minecraft:yellow_bed":1,"minecraft:grass":1,"minecraft:oak_log":19,"minecraft:coal_ore":77,"minecraft:dirt":148,"minecraft:stripped_oak_log":20,"minecraft:spruce_wood":12,"minecraft:stone":70,"minecraft:oak_leaves":1,"minecraft:spruce_slab":1},"minecraft:crafted":{"minecraft:wooden_sword":1,"minecraft:oak_planks":136,"minecraft:crafting_table":3,"minecraft:wooden_pickaxe":3,"minecraft:stone_axe":1,"minecraft:bread":27,"minecraft:golden_apple":1,"minecraft:stick":48,"minecraft:light_blue_dye":1,"minecraft:wooden_axe":3,"minecraft:stone_pickaxe":1,"minecraft:oak_stairs":4,"minecraft:light_blue_bed":1,"minecraft:dark_oak_planks":8,"minecraft:torch":12,"minecraft:wheat":90},"minecraft:picked_up":{"minecraft:stripped_oak_log":20,"farmersdelight:rich_soil":3,"minecraft:flower_pot":1,"minecraft:golden_leggings":2,"minecraft:oak_log":15,"minecraft:yellow_bed":1,"zombie_extreme:crowbar":1,"minecraft:dirt":149,"minecraft:red_bed":1,"minecraft:wooden_sword":1,"minecraft:sticky_piston":1,"minecraft:blue_orchid":1,"mysticalagriculture:inferium_essence":2,"minecraft:spruce_planks":1,"minecraft:spruce_wood":12,"minecraft:spruce_slab":1,"minecraft:oak_planks":5,"minecraft:golden_helmet":1,"projectvibrantjourneys:bark_mushroom":1,"minecraft:torch":1,"minecraft:spruce_stairs":1,"minecraft:white_bed":1,"apocalypsenow:contamination_suit_green_chestplate":1,"mekanism:raw_osmium":4,"minecraft:rotten_flesh":7,"zombie_extreme:bandage":1,"minecraft:iron_helmet":1,"k_turrets:raw_titanium":2,"minecraft:hay_block":1,"minecraft:dark_oak_wood":2,"minecraft:coal":73,"minecraft:cobblestone":70},"minecraft:used":{"minecraft:spruce_slab":1,"minecraft:stone_pickaxe":79,"minecraft:oak_planks":65,"minecraft:shield":6,"minecraft:wooden_pickaxe":88,"minecraft:torch":7,"minecraft:dirt":49,"zombie_extreme:crowbar":10,"minecraft:crafting_table":3,"minecraft:red_bed":1,"minecraft:spruce_stairs":1,"minecraft:white_bed":1,"zombie_extreme:bandage":1,"minecraft:sticky_piston":1,"minecraft:wooden_axe":41,"minecraft:flower_pot":1,"apocalypsenow:contamination_suit_green_chestplate":1,"minecraft:oak_stairs":4,"minecraft:bread":5,"minecraft:iron_helmet":1,"minecraft:light_blue_bed":1,"minecraft:golden_leggings":2,"minecraft:golden_helmet":1,"minecraft:oak_sapling":1,"tombstone:gift":1,"alexsmobs:animal_dictionary":1}},"DataVersion":3120}