{"stats":{"minecraft:dropped":{"minecraft:cobblestone":31,"minecraft:dirt":64,"tombstone:grave_key":1,"minecraft:wooden_axe":1,"minecraft:oak_stairs":2,"minecraft:wooden_sword":1,"minecraft:gravel":36,"minecraft:rotten_flesh":2,"minecraft:stone_bricks":12,"minecraft:stone_brick_stairs":2},"minecraft:custom":{"minecraft:mob_kills":12,"minecraft:interact_with_crafting_table":28,"minecraft:interact_with_campfire":5,"minecraft:leave_game":3,"minecraft:time_since_death":10872,"minecraft:climb_one_cm":7073,"minecraft:sprint_one_cm":106304,"minecraft:walk_one_cm":432292,"minecraft:damage_blocked_by_shield":100,"minecraft:drop":15,"minecraft:play_time":120365,"minecraft:deaths":10,"minecraft:sneak_time":13809,"minecraft:jump":1111,"minecraft:interact_with_blast_furnace":2,"minecraft:walk_on_water_one_cm":1298,"minecraft:total_world_time":120365,"minecraft:interact_with_furnace":5,"minecraft:pot_flower":1,"minecraft:sleep_in_bed":4,"minecraft:time_since_rest":8473,"minecraft:damage_taken":3137,"minecraft:damage_dealt":1539,"minecraft:fly_one_cm":77406,"minecraft:player_kills":2,"minecraft:open_chest":20,"minecraft:crouch_one_cm":41636,"tombstone:undead_killed":10,"minecraft:fall_one_cm":18934},"minecraft:killed_by":{"apocalypsenow:runner_39":1,"minecraft:player":2,"apocalypsenow:walker_1":1,"apocalypsenow:runner_54":1,"zombie_extreme:infected_police":1,"minecraft:skeleton":2,"apocalypsenow:runner_45":1,"apocalypsenow:walker_29":1},"minecraft:broken":{"minecraft:wooden_pickaxe":2},"minecraft:killed":{"apocalypsenow:looter_1":1,"apocalypsenow:walker_26":1,"apocalypsenow:runner_42":1,"apocalypsenow:walker_22":1,"apocalypsenow:runner_34":1,"apocalypsenow:walker_21":1,"apocalypsenow:walker_7":1,"apocalypsenow:walker_32":1,"apocalypsenow:runner_36":1,"apocalypsenow:walker_28":1,"apocalypsenow:walker_31":1},"minecraft:mined":{"minecraft:spruce_planks":1,"minecraft:white_bed":1,"farmersdelight:rich_soil":3,"minecraft:potted_blue_orchid":2,"biomesoplenty:bush":1,"minecraft:grass_block":11,"minecraft:redstone_wire":1,"minecraft:oak_wall_sign":1,"minecraft:hay_block":2,"minecraft:sticky_piston":1,"minecraft:oak_stairs":3,"minecraft:iron_bars":3,"minecraft:stripped_oak_log":20,"minecraft:spruce_wood":12,"minecraft:stone":117,"minecraft:iron_block":2,"minecraft:spruce_slab":1,"minecraft:oak_slab":4,"mekanism:osmium_ore":4,"minecraft:red_bed":1,"minecraft:oak_fence":1,"minecraft:torch":1,"minecraft:dark_oak_wood":2,"minecraft:cobblestone":2,"minecraft:oak_planks":10,"minecraft:wall_torch":2,"minecraft:spruce_stairs":1,"minecraft:light_blue_bed":2,"minecraft:wheat":9,"minecraft:white_carpet":2,"minecraft:grass":7,"minecraft:yellow_bed":1,"minecraft:stone_brick_stairs":1,"minecraft:smooth_stone_slab":3,"k_turrets:titanium_ore":2,"minecraft:oak_log":41,"minecraft:coal_ore":88,"projectvibrantjourneys:short_grass":1,"minecraft:gravel":19,"minecraft:dirt":280,"minecraft:cobweb":4,"minecraft:stone_bricks":10,"minecraft:oak_leaves":1},"minecraft:picked_up":{"minecraft:wheat":8,"minecraft:flower_pot":2,"minecraft:oak_stairs":4,"minecraft:stone_brick_stairs":2,"tombstone:grave_key":1,"minecraft:string":4,"minecraft:red_bed":1,"projectvibrantjourneys:reeds":1,"minecraft:wooden_sword":1,"minecraft:smooth_stone_slab":3,"minecraft:sticky_piston":1,"minecraft:armor_stand":2,"minecraft:white_carpet":2,"minecraft:experience_bottle":2,"minecraft:blue_orchid":2,"minecraft:oak_sign":1,"mysticalagriculture:inferium_essence":3,"minecraft:spruce_planks":1,"apocalypsenow:fire_axe":1,"minecraft:spruce_slab":1,"minecraft:golden_helmet":2,"minecraft:oak_fence":3,"projectvibrantjourneys:bark_mushroom":1,"minecraft:torch":3,"minecraft:spruce_stairs":1,"minecraft:stone_button":2,"tombstone:grave_dust":3,"minecraft:redstone":1,"minecraft:light_blue_bed":2,"apocalypsenow:contamination_suit_green_chestplate":1,"minecraft:rotten_flesh":48,"zombie_extreme:bandage":1,"k_turrets:raw_titanium":2,"minecraft:hay_block":2,"minecraft:iron_block":2,"minecraft:iron_bars":2,"minecraft:white_wool":14,"minecraft:cobblestone":148,"minecraft:stripped_oak_log":20,"farmersdelight:rich_soil":3,"minecraft:golden_leggings":4,"minecraft:flint":1,"minecraft:oak_log":37,"minecraft:yellow_bed":1,"zombie_extreme:crowbar":1,"minecraft:dirt":358,"apocalypsenow:cooked_human_flesh":5,"minecraft:stone_bricks":14,"minecraft:wheat_seeds":26,"apocalypsenow:human_flesh":2,"minecraft:spruce_wood":12,"minecraft:oak_planks":9,"minecraft:iron_sword":1,"minecraft:oak_slab":6,"minecraft:gravel":36,"minecraft:white_bed":1,"mekanism:raw_osmium":4,"minecraft:iron_helmet":1,"minecraft:dark_oak_wood":2,"minecraft:coal":86,"minecraft:sunflower":1},"minecraft:crafted":{"minecraft:wooden_sword":1,"minecraft:oak_planks":228,"minecraft:stone_shovel":1,"minecraft:stone_pickaxe":4,"minecraft:chest":2,"minecraft:oak_button":1,"minecraft:dark_oak_planks":8,"minecraft:wheat":90,"minecraft:crafting_table":3,"minecraft:wooden_pickaxe":4,"minecraft:stone_axe":3,"minecraft:bread":29,"minecraft:golden_apple":1,"minecraft:shield":1,"minecraft:stick":88,"minecraft:iron_ingot":18,"minecraft:light_blue_dye":1,"minecraft:wooden_axe":4,"minecraft:oak_stairs":12,"minecraft:light_blue_bed":1,"minecraft:torch":76,"minecraft:shears":1},"minecraft:used":{"minecraft:armor_stand":2,"minecraft:stone_shovel":121,"minecraft:spruce_slab":1,"minecraft:redstone":1,"minecraft:chest":2,"minecraft:shield":6,"minecraft:iron_sword":12,"minecraft:torch":13,"minecraft:dirt":155,"minecraft:white_carpet":2,"minecraft:spruce_stairs":1,"zombie_extreme:bandage":1,"minecraft:wooden_axe":48,"minecraft:oak_stairs":12,"minecraft:iron_helmet":1,"minecraft:light_blue_bed":3,"minecraft:oak_sapling":1,"tombstone:gift":1,"apocalypsenow:cooked_human_flesh":5,"minecraft:stone_pickaxe":142,"minecraft:oak_planks":84,"minecraft:wooden_pickaxe":131,"zombie_extreme:crowbar":12,"minecraft:crafting_table":3,"minecraft:red_bed":1,"minecraft:white_bed":1,"apocalypsenow:cheap_survival_axe":2,"minecraft:sticky_piston":1,"minecraft:flower_pot":2,"apocalypsenow:contamination_suit_green_chestplate":1,"minecraft:bread":5,"minecraft:oak_button":1,"minecraft:stone_button":1,"minecraft:golden_leggings":3,"minecraft:golden_helmet":2,"minecraft:stone_axe":34,"minecraft:yellow_bed":1,"alexsmobs:animal_dictionary":1,"minecraft:experience_bottle":2}},"DataVersion":3120}