{"stats":{"minecraft:custom":{"minecraft:jump":46,"minecraft:time_since_rest":7556,"minecraft:damage_dealt":128,"minecraft:crouch_one_cm":936,"minecraft:sprint_one_cm":3605,"minecraft:leave_game":1,"minecraft:play_time":7556,"minecraft:damage_taken":340,"minecraft:time_since_death":7556,"minecraft:walk_one_cm":10953,"minecraft:damage_blocked_by_shield":75,"minecraft:sneak_time":341,"minecraft:total_world_time":7556,"tombstone:tomb_raiding":1,"minecraft:fall_one_cm":695,"minecraft:fly_one_cm":4899,"minecraft:player_kills":1},"minecraft:picked_up":{"minecraft:torch":1},"minecraft:mined":{"minecraft:tall_grass":1,"minecraft:torch":1},"minecraft:used":{"minecraft:shield":3,"minecraft:wooden_sword":6}},"DataVersion":3120}