{"stats":{"minecraft:killed":{"apocalypsenow:runner_49":1,"apocalypsenow:walker_29":1,"minecraft:cod":1,"apocalypsenow:walker_3":1,"minecraft:chicken":1,"apocalypsenow:walker_15":1,"zombie_extreme:ram":1,"apocalypsenow:runner_41":1,"apocalypsenow:runner_45":1,"zombie_extreme:runner":1,"apocalypsenow:walker_30":1,"minecraft:pig":1,"zombie_extreme:boomer":1,"apocalypsenow:runner_40":1,"apocalypsenow:runner_52":1,"apocalypsenow:runner_50":1,"apocalypsenow:walker_32":2,"apocalypsenow:walker_24":1,"apocalypsenow:walker_28":1,"minecraft:cow":2},"minecraft:dropped":{"minecraft:iron_ingot":4,"minecraft:water_bucket":2,"apocalypsenow:cigarettes":1,"minecraft:glass_bottle":1,"mekanismtools:osmium_axe":1,"minecraft:coal":6,"bunker_down:steel_block_slab":1,"tombstone:grave_key":1,"minecraft:potion":1,"apocalypsenow:fishermans_knife":1,"minecraft:iron_shovel":2,"minecraft:string":1,"minecraft:redstone":2,"minecraft:lever":1,"minecraft:light_gray_concrete":10,"mysticalagriculture:inferium_essence":1,"ava:shotgun_ammo":1},"minecraft:broken":{"toughasnails:leaf_leggings":1,"toughasnails:leaf_boots":1,"toughasnails:leaf_chestplate":1,"minecraft:leather_boots":1,"toughasnails:leaf_helmet":1},"minecraft:crafted":{"mekanism:ingot_osmium":6,"minecraft:cooked_chicken":1,"minecraft:furnace":3,"mekanismtools:osmium_axe":1,"minecraft:glass":3,"minecraft:stone_pickaxe":1,"easy_steel:tin_ingot":1,"minecraft:magenta_dye":2,"mekanismtools:osmium_pickaxe":1,"minecraft:cooked_beef":2,"minecraft:glass_bottle":3,"minecraft:cooked_porkchop":3,"minecraft:crafting_table":2,"minecraft:spruce_planks":8,"minecraft:wooden_pickaxe":1,"minecraft:stone_axe":1,"minecraft:stick":12,"apocalypsenow:cooked_human_flesh":4,"minecraft:stone_sword":1,"minecraft:white_bed":1,"minecraft:torch":4},"minecraft:custom":{"minecraft:mob_kills":26,"minecraft:interact_with_crafting_table":21,"minecraft:open_barrel":1,"minecraft:leave_game":1,"minecraft:time_since_death":11284,"minecraft:climb_one_cm":57203,"minecraft:sprint_one_cm":317700,"minecraft:walk_one_cm":590536,"minecraft:damage_blocked_by_shield":440,"minecraft:drop":23,"minecraft:talked_to_villager":1,"minecraft:play_time":202766,"minecraft:deaths":21,"minecraft:sneak_time":9181,"minecraft:walk_under_water_one_cm":35005,"minecraft:jump":3172,"minecraft:walk_on_water_one_cm":110068,"minecraft:total_world_time":202766,"minecraft:interact_with_furnace":33,"minecraft:sleep_in_bed":6,"minecraft:time_since_rest":10543,"minecraft:damage_taken":8654,"minecraft:damage_dealt":3581,"minecraft:swim_one_cm":81653,"minecraft:fly_one_cm":552872,"minecraft:player_kills":1,"minecraft:open_chest":65,"minecraft:crouch_one_cm":22543,"tombstone:undead_killed":14,"minecraft:interact_with_smoker":1,"minecraft:use_cauldron":2,"minecraft:fall_one_cm":64566},"minecraft:killed_by":{"mowziesmobs:naga":1,"zombie_extreme:boomer":1,"apocalypsenow:runner_34":1,"apocalypsenow:runner_36":1,"mowziesmobs:umvuthana_follower_raptor":1,"apocalypsenow:looter_1":1,"minecraft:skeleton":4,"minecraft:zombie":1,"alexsmobs:grizzly_bear":1,"apocalypsenow:runner_40":1,"apocalypsenow:runner_44":1,"apocalypsenow:runner_41":1},"minecraft:picked_up":{"toughasnails:leaf_leggings":1,"minecraft:charcoal":4,"minecraft:crafting_table":2,"minecraft:coarse_dirt":11,"minecraft:ladder":1,"minecraft:chicken":1,"minecraft:clay_ball":18,"minecraft:stone_slab":12,"tconstruct:materials_and_you":1,"minecraft:wooden_pickaxe":1,"minecraft:potion":2,"tombstone:grave_key":1,"minecraft:stone_brick_stairs":2,"ava:shotgun_ammo":1,"minecraft:string":3,"minecraft:wooden_sword":1,"minecraft:white_carpet":3,"minecraft:iron_shovel":2,"mekanismtools:osmium_axe":1,"minecraft:beetroot":4,"mysticalagriculture:inferium_essence":11,"minecraft:smooth_stone":1,"minecraft:spruce_planks":10,"toughasnails:leaf_boots":1,"minecraft:beef":3,"minecraft:quartz_stairs":1,"minecraft:sugar_cane":5,"minecraft:chest":3,"minecraft:furnace":1,"minecraft:stick":5,"minecraft:raw_iron":83,"minecraft:oak_door":1,"minecraft:torch":10,"minecraft:spruce_fence":11,"minecraft:porkchop":3,"apocalypsenow:antibiotics":1,"minecraft:cookie":1,"tombstone:grave_dust":8,"minecraft:redstone":2,"minecraft:blue_carpet":2,"mekanismtools:osmium_helmet":1,"minecraft:stone_sword":1,"minecraft:arrow":2,"minecraft:rotten_flesh":14,"minecraft:peony":1,"zombie_extreme:bandage":10,"minecraft:beetroot_seeds":5,"k_turrets:raw_titanium":14,"minecraft:white_terracotta":3,"easy_steel:raw_tin":1,"minecraft:iron_bars":1,"minecraft:white_wool":3,"minecraft:cobblestone":127,"minecraft:basalt":5,"minecraft:lilac":1,"minecraft:golden_carrot":4,"minecraft:water_bucket":2,"minecraft:leather":2,"minecraft:yellow_dye":6,"minecraft:birch_planks":6,"toughasnails:leaf_helmet":1,"minecraft:magenta_dye":2,"minecraft:stripped_spruce_wood":2,"minecraft:dirt":44,"bunker_down:steel_block":4,"apocalypsenow:cooked_human_flesh":3,"minecraft:red_carpet":6,"minecraft:bone":1,"minecraft:stone_bricks":1,"apocalypsenow:bandage":1,"minecraft:wheat_seeds":8,"minecraft:stone_pickaxe":1,"minecraft:glass_bottle":2,"minecraft:gray_bed":3,"minecraft:book":7,"toughasnails:leaf_chestplate":1,"minecraft:sweet_berries":7,"minecraft:red_wool":2,"mekanismtools:osmium_chestplate":1,"minecraft:sand":8,"minecraft:spruce_log":1,"minecraft:white_bed":2,"mekanism:raw_osmium":36,"bunker_down:steel_block_slab":1,"mowziesmobs:naga_fang":1,"minecraft:bundle":2,"minecraft:light_gray_concrete":10,"minecraft:polished_andesite":5,"mekanismtools:osmium_leggings":1,"minecraft:clay":6,"mekanismtools:osmium_boots":1,"minecraft:stone_axe":1,"minecraft:lever":1,"easy_steel:tin_ingot":1,"minecraft:emerald":1,"minecraft:red_concrete":5,"minecraft:coal":52,"sophisticatedbackpacks:gold_backpack":1,"minecraft:sunflower":1},"minecraft:mined":{"minecraft:red_carpet":4,"minecraft:spruce_planks":5,"minecraft:white_bed":2,"biomesoplenty:desert_grass":2,"projectvibrantjourneys:rocks":1,"mekanism:deepslate_osmium_ore":2,"minecraft:ladder":1,"minecraft:grass_block":23,"minecraft:spruce_fence":11,"minecraft:redstone_wire":1,"dynamictrees:oak_leaves":12,"minecraft:furnace":1,"minecraft:iron_ore":82,"minecraft:fire":1,"minecraft:bookshelf":1,"minecraft:iron_bars":1,"minecraft:light_gray_concrete":6,"biomesoplenty:barley":8,"bunker_down:steel_block":3,"minecraft:stone":116,"minecraft:white_wool":3,"mekanism:osmium_ore":35,"minecraft:red_wool":2,"dtterralith:birch_short_conifer_leaves":1,"minecraft:basalt":3,"minecraft:crafting_table":2,"minecraft:torch":2,"projectvibrantjourneys:twigs":1,"minecraft:emerald_ore":1,"minecraft:chest":2,"minecraft:campfire":1,"minecraft:stone_slab":12,"minecraft:cobblestone":14,"minecraft:tall_grass":2,"minecraft:sugar_cane":2,"minecraft:wall_torch":6,"minecraft:white_terracotta":3,"minecraft:birch_planks":4,"minecraft:coarse_dirt":11,"minecraft:stripped_spruce_wood":2,"easy_steel:cassiterite_ore":1,"minecraft:wheat":1,"minecraft:sweet_berry_bush":3,"minecraft:white_carpet":2,"minecraft:gray_bed":3,"bunker_down:steel_block_slab":1,"dynamictrees:birch_leaves":7,"minecraft:stone_brick_stairs":2,"minecraft:grass":5,"k_turrets:titanium_ore":7,"minecraft:coal_ore":47,"projectvibrantjourneys:short_grass":2,"minecraft:beetroots":4,"minecraft:sunflower":2,"minecraft:sand":8,"minecraft:dirt":16,"minecraft:cobweb":2,"minecraft:polished_andesite":5},"minecraft:used":{"minecraft:beetroot":4,"minecraft:stone_sword":7,"minecraft:iron_shovel":9,"minecraft:flint_and_steel":1,"minecraft:red_concrete":5,"minecraft:ladder":1,"minecraft:chest":3,"minecraft:shield":24,"minecraft:white_terracotta":3,"minecraft:cooked_chicken":1,"minecraft:oak_door":1,"minecraft:torch":13,"minecraft:dirt":43,"minecraft:white_carpet":2,"zombie_extreme:bandage":8,"minecraft:spruce_fence":11,"minecraft:red_wool":2,"mekanismtools:osmium_helmet":1,"minecraft:stone_brick_stairs":2,"minecraft:stone_bricks":1,"minecraft:red_carpet":2,"apocalypsenow:chocolate_bar":1,"minecraft:beef":1,"minecraft:sweet_berries":9,"minecraft:furnace":4,"minecraft:gray_bed":3,"tombstone:gift":3,"minecraft:cooked_beef":2,"minecraft:potato":3,"minecraft:wheat_seeds":1,"minecraft:water_bucket":61,"apocalypsenow:cooked_human_flesh":5,"toughasnails:leaf_leggings":1,"minecraft:polished_andesite":5,"minecraft:stone_pickaxe":72,"minecraft:glass_bottle":30,"minecraft:wooden_pickaxe":33,"mekanismtools:osmium_axe":81,"minecraft:sand":1,"minecraft:crafting_table":4,"mekanismtools:osmium_boots":1,"minecraft:white_bed":3,"minecraft:cod":2,"mekanismtools:osmium_pickaxe":260,"bunker_down:steel_block":4,"minecraft:bread":9,"minecraft:stone_slab":6,"toughasnails:leaf_chestplate":1,"minecraft:stone_axe":8,"minecraft:blue_carpet":2,"minecraft:wooden_sword":15,"minecraft:cobblestone":58,"minecraft:potion":29,"minecraft:cooked_porkchop":3,"minecraft:bucket":61,"mekanismtools:osmium_leggings":1,"alexsmobs:animal_dictionary":1,"apocalypsenow:human_flesh":3,"minecraft:coarse_dirt":11,"mekanismtools:osmium_chestplate":1,"minecraft:smooth_stone":1,"minecraft:peony":1}},"DataVersion":3120}