{"stats":{"minecraft:dropped":{"zombie_extreme:crowbar":1,"zombie_extreme:bandage":3},"minecraft:killed_by":{"minecraft:player":1,"zombie_extreme:night_hunter":2,"minecraft:zombie":1,"apocalypsenow:walker_29":1,"apocalypsenow:walker_33":1},"minecraft:custom":{"minecraft:time_since_rest":2588,"minecraft:interact_with_furnace":2,"minecraft:sprint_one_cm":37366,"minecraft:damage_taken":2300,"minecraft:walk_one_cm":119021,"minecraft:damage_blocked_by_shield":75,"minecraft:mob_kills":2,"minecraft:drop":4,"minecraft:damage_dealt":345,"minecraft:interact_with_crafting_table":1,"minecraft:player_kills":1,"minecraft:fly_one_cm":51982,"minecraft:open_chest":12,"minecraft:crouch_one_cm":2886,"minecraft:play_time":43556,"tombstone:undead_killed":1,"minecraft:deaths":6,"minecraft:sneak_time":1146,"tombstone:tomb_raiding":1,"minecraft:jump":323,"minecraft:leave_game":1,"minecraft:climb_one_cm":941,"minecraft:time_since_death":2888,"minecraft:sleep_in_bed":2,"minecraft:total_world_time":43556,"minecraft:fall_one_cm":9464},"minecraft:killed":{"apocalypsenow:crawler_3":1,"apocalypsenow:walker_9":1},"minecraft:crafted":{"minecraft:chest":1},"minecraft:mined":{"minecraft:hay_block":10,"minecraft:white_bed":1,"minecraft:furnace":1,"minecraft:iron_ore":3,"minecraft:torch":1,"minecraft:grass":3,"projectvibrantjourneys:twigs":1,"k_turrets:titanium_ore":2,"minecraft:grass_block":1,"minecraft:coal_ore":7,"minecraft:oak_stairs":1,"minecraft:tall_grass":2,"minecraft:oak_planks":1,"minecraft:cartography_table":1,"minecraft:stone":12},"minecraft:picked_up":{"minecraft:golden_helmet":1,"minecraft:raw_iron":3,"minecraft:golden_leggings":1,"minecraft:torch":1,"minecraft:oak_stairs":1,"tombstone:grave_dust":1,"minecraft:white_bed":1,"minecraft:dirt":1,"minecraft:rotten_flesh":2,"minecraft:bow":3,"zombie_extreme:bandage":13,"minecraft:cartography_table":1,"k_turrets:raw_titanium":2,"minecraft:hay_block":9,"firstaid:bandage":9,"minecraft:oak_planks":1,"minecraft:coal":7,"minecraft:cobblestone":12,"minecraft:furnace":1},"minecraft:used":{"minecraft:oak_stairs":1,"minecraft:bread":6,"minecraft:cartography_table":1,"minecraft:iron_pickaxe":25,"minecraft:chest":1,"minecraft:shield":3,"minecraft:stone_axe":18,"minecraft:torch":1,"minecraft:wooden_sword":17,"minecraft:dirt":1,"minecraft:furnace":1,"apocalypsenow:human_flesh":4,"minecraft:potato":2,"zombie_extreme:bandage":4}},"DataVersion":3120}