{"stats":{"minecraft:dropped":{"apocalypsenow:passport_green":1,"minecraft:wheat_seeds":9,"zombie_extreme:crowbar":1,"tombstone:grave_key":1,"tombstone:grave_dust":1,"minecraft:wooden_sword":2,"minecraft:white_wool":14,"minecraft:dandelion":1,"minecraft:yellow_wool":10,"minecraft:rotten_flesh":8,"minecraft:azure_bluet":1,"zombie_extreme:bandage":4},"minecraft:custom":{"minecraft:mob_kills":34,"minecraft:interact_with_crafting_table":14,"minecraft:leave_game":2,"minecraft:time_since_death":5848,"minecraft:climb_one_cm":4027,"minecraft:damage_resisted":1303,"minecraft:sprint_one_cm":152439,"minecraft:walk_one_cm":444254,"minecraft:damage_blocked_by_shield":1830,"minecraft:drop":31,"minecraft:play_time":137912,"minecraft:deaths":11,"minecraft:sneak_time":5410,"minecraft:walk_under_water_one_cm":5388,"tombstone:tomb_raiding":1,"minecraft:jump":1697,"minecraft:walk_on_water_one_cm":5098,"minecraft:total_world_time":137912,"minecraft:interact_with_furnace":34,"minecraft:sleep_in_bed":3,"minecraft:time_since_rest":5567,"minecraft:damage_taken":3583,"tombstone:sneak_grave":1,"minecraft:damage_dealt":4821,"minecraft:player_kills":2,"minecraft:swim_one_cm":9643,"minecraft:fly_one_cm":210969,"minecraft:open_chest":42,"minecraft:crouch_one_cm":11013,"tombstone:undead_killed":24,"minecraft:fall_one_cm":35919},"minecraft:killed_by":{"alexsmobs:froststalker":1,"minecraft:player":1,"zombie_extreme:night_hunter":2,"apocalypsenow:runner_46":1,"zombie_extreme:infected_military":1,"minecraft:zombie":1,"apocalypsenow:walker_33":1,"apocalypsenow:walker_5":1,"apocalypsenow:walker_29":1},"minecraft:broken":{"minecraft:iron_pickaxe":2},"minecraft:killed":{"apocalypsenow:crawler_3":2,"apocalypsenow:looter_1":3,"apocalypsenow:runner_49":1,"apocalypsenow:runner_35":1,"apocalypsenow:walker_3":1,"minecraft:skeleton":1,"apocalypsenow:walker_15":1,"apocalypsenow:runner_41":1,"apocalypsenow:runner_45":1,"zombie_extreme:runner":1,"apocalypsenow:runner_34":1,"apocalypsenow:walker_4":2,"apocalypsenow:walker_30":1,"zombie_extreme:infected_military":1,"apocalypsenow:walker_9":3,"apocalypsenow:runner_52":1,"apocalypsenow:walker_21":1,"apocalypsenow:walker_5":2,"apocalypsenow:walker_16":1,"apocalypsenow:runner_43":2,"apocalypsenow:walker_17":1,"female_zombie_:female_zombie":2,"apocalypsenow:walker_31":1},"minecraft:crafted":{"minecraft:oak_planks":120,"mekanism:ingot_osmium":54,"minecraft:furnace":3,"mekanismtools:osmium_axe":1,"minecraft:stone_pickaxe":2,"mekanismtools:osmium_boots":1,"minecraft:chest":3,"mekanismtools:osmium_helmet":1,"mekanismtools:osmium_pickaxe":1,"minecraft:crafting_table":2,"mekanismtools:osmium_leggings":1,"minecraft:stick":12,"minecraft:iron_ingot":51,"minecraft:iron_pickaxe":1},"minecraft:mined":{"minecraft:white_bed":2,"minecraft:glow_lichen":1,"biomesoplenty:bush":1,"minecraft:grass_block":1,"minecraft:redstone_wire":2,"minecraft:cartography_table":1,"minecraft:oak_wall_sign":1,"minecraft:hay_block":10,"minecraft:furnace":1,"minecraft:iron_ore":48,"biomesoplenty:lavender":2,"minecraft:andesite":27,"minecraft:oak_stairs":2,"sulfurpotassiummod:potassium_ore":43,"minecraft:stone":283,"minecraft:white_wool":15,"minecraft:scaffolding":1,"minecraft:redstone_block":1,"mekanism:osmium_ore":55,"minecraft:dandelion":1,"minecraft:crafting_table":1,"minecraft:torch":4,"projectvibrantjourneys:twigs":2,"minecraft:emerald_ore":2,"minecraft:tall_grass":9,"minecraft:cobblestone":2,"minecraft:oak_planks":4,"minecraft:wall_torch":5,"minecraft:yellow_wool":10,"minecraft:grass":24,"k_turrets:titanium_ore":19,"minecraft:oak_log":30,"minecraft:coal_ore":76,"projectvibrantjourneys:short_grass":5,"minecraft:gravel":3,"minecraft:dirt":21},"minecraft:picked_up":{"minecraft:crafting_table":1,"minecraft:wheat":2,"minecraft:azure_bluet":1,"minecraft:redstone_block":1,"minecraft:yellow_wool":10,"minecraft:oak_stairs":2,"minecraft:wooden_sword":1,"minecraft:oak_sign":2,"mysticalagriculture:inferium_essence":10,"minecraft:cartography_table":1,"minecraft:furnace":1,"minecraft:golden_helmet":1,"minecraft:raw_iron":49,"sulfurpotassiummod:raw_potassium":44,"minecraft:torch":9,"apocalypsenow:bulletproof_vest_chestplate":1,"tombstone:grave_dust":1,"minecraft:redstone":3,"minecraft:brown_carpet":1,"minecraft:arrow":2,"minecraft:rotten_flesh":29,"zombie_extreme:bandage":13,"k_turrets:raw_titanium":20,"minecraft:hay_block":9,"zombie_extreme:rotten_apple":2,"firstaid:bandage":9,"minecraft:iron_bars":1,"minecraft:white_wool":14,"minecraft:cobblestone":282,"biomesoplenty:lavender":2,"minecraft:andesite":36,"minecraft:golden_leggings":1,"minecraft:potato":1,"minecraft:oak_log":31,"minecraft:dirt":31,"minecraft:bone":1,"minecraft:bow":3,"apocalypsenow:human_flesh":4,"minecraft:wheat_seeds":9,"minecraft:oak_planks":4,"minecraft:scaffolding":1,"minecraft:dandelion":2,"minecraft:gravel":3,"minecraft:white_bed":2,"mekanism:raw_osmium":54,"apocalypsenow:passport_green":1,"minecraft:emerald":2,"minecraft:coal":79},"minecraft:used":{"minecraft:iron_bars":1,"minecraft:flint_and_steel":14,"minecraft:oak_sign":2,"minecraft:chest":3,"minecraft:shield":109,"minecraft:bell":1,"minecraft:torch":8,"minecraft:dirt":31,"zombie_extreme:bandage":9,"minecraft:oak_stairs":2,"minecraft:brown_carpet":1,"minecraft:scaffolding":1,"minecraft:furnace":4,"tombstone:gift":5,"minecraft:potato":9,"minecraft:stone_pickaxe":40,"minecraft:oak_planks":7,"minecraft:cartography_table":1,"biomesoplenty:lavender":2,"mekanismtools:osmium_axe":119,"farmersdelight:onion":1,"minecraft:crafting_table":2,"minecraft:white_bed":1,"mekanismtools:osmium_pickaxe":43,"minecraft:bread":17,"minecraft:iron_pickaxe":481,"minecraft:gravel":1,"minecraft:stone_axe":62,"minecraft:wooden_sword":56,"minecraft:cobblestone":8,"minecraft:andesite":4,"apocalypsenow:human_flesh":4,"minecraft:dandelion":1}},"DataVersion":3120}