{"stats":{"minecraft:custom":{"minecraft:interact_with_crafting_table":26,"minecraft:open_barrel":3,"minecraft:eat_cake_slice":3,"minecraft:leave_game":3,"minecraft:time_since_death":618,"minecraft:sprint_one_cm":732469,"minecraft:damage_blocked_by_shield":500,"minecraft:drop":143,"minecraft:talked_to_villager":1,"minecraft:play_time":414391,"minecraft:deaths":35,"minecraft:jump":5848,"minecraft:walk_on_water_one_cm":238511,"minecraft:interact_with_furnace":80,"minecraft:sleep_in_bed":11,"minecraft:waystone_activated":2,"minecraft:damage_dealt":20859,"minecraft:player_kills":4,"minecraft:crouch_one_cm":36124,"tombstone:undead_killed":119,"minecraft:interact_with_smoker":3,"minecraft:use_cauldron":2,"minecraft:mob_kills":171,"minecraft:interact_with_anvil":2,"minecraft:damage_dealt_resisted":29,"minecraft:climb_one_cm":117342,"minecraft:walk_one_cm":1349812,"minecraft:sneak_time":17557,"minecraft:walk_under_water_one_cm":43930,"minecraft:total_world_time":414391,"minecraft:time_since_rest":1,"minecraft:damage_taken":15913,"minecraft:swim_one_cm":107006,"minecraft:fly_one_cm":1150248,"minecraft:open_chest":179,"minecraft:fall_one_cm":144331},"minecraft:mined":{"minecraft:spruce_planks":5,"minecraft:white_bed":2,"minecraft:farmland":2,"minecraft:grass_block":92,"minecraft:light_gray_bed":2,"minecraft:fire":1,"minecraft:iron_ore":82,"minecraft:iron_bars":1,"minecraft:light_gray_concrete":6,"mekanism:osmium_ore":35,"dtterralith:birch_short_conifer_leaves":1,"minecraft:torch":3,"projectvibrantjourneys:twigs":1,"minecraft:chest":2,"farmersdelight:cabbages":10,"minecraft:cobblestone":19,"minecraft:grindstone":1,"minecraft:sugar_cane":2,"minecraft:oak_planks":1,"minecraft:damaged_anvil":1,"minecraft:wall_torch":9,"minecraft:white_terracotta":3,"minecraft:wheat":18,"bunker_down:steel_block_slab":1,"dynamictrees:birch_leaves":7,"minecraft:stone_brick_stairs":2,"minecraft:grass":19,"minecraft:beetroots":4,"projectvibrantjourneys:short_grass":11,"minecraft:sand":8,"minecraft:dirt":47,"minecraft:red_carpet":4,"biomesoplenty:desert_grass":4,"projectvibrantjourneys:rocks":2,"mekanism:deepslate_osmium_ore":2,"minecraft:ladder":1,"biomesoplenty:bush":2,"minecraft:spruce_fence":11,"minecraft:redstone_wire":1,"farmersdelight:tomatoes":7,"dynamictrees:oak_leaves":12,"dynamictrees:oak_undergrowth_leaves":5,"minecraft:furnace":2,"minecraft:bookshelf":1,"minecraft:potatoes":5,"biomesoplenty:barley":8,"bunker_down:steel_block":4,"minecraft:stone":200,"minecraft:white_wool":3,"minecraft:red_wool":2,"minecraft:basalt":3,"minecraft:crafting_table":3,"dynamictrees:acacia_leaves":4,"minecraft:emerald_ore":1,"minecraft:campfire":1,"minecraft:stone_slab":12,"minecraft:tall_grass":4,"minecraft:birch_planks":4,"minecraft:coarse_dirt":11,"minecraft:stripped_spruce_wood":2,"easy_steel:cassiterite_ore":1,"minecraft:sweet_berry_bush":3,"minecraft:gray_bed":6,"minecraft:white_carpet":2,"k_turrets:titanium_ore":7,"projectvibrantjourneys:spruce_hollow_log":1,"minecraft:coal_ore":47,"minecraft:sunflower":2,"minecraft:cobweb":2,"minecraft:stone_bricks":2,"minecraft:polished_andesite":5},"minecraft:killed_by":{"mowziesmobs:naga":1,"apocalypsenow:runner_47":1,"zombie_extreme:night_hunter":1,"minecraft:creeper":1,"mowziesmobs:umvuthana_follower_raptor":2,"apocalypsenow:runner_43":1,"zombie_extreme:chainsaw":1,"minecraft:zombie":2,"alexsmobs:grizzly_bear":2,"apocalypsenow:runner_44":1,"zombie_extreme:boomer":1,"apocalypsenow:runner_34":1,"apocalypsenow:runner_36":2,"apocalypsenow:looter_1":1,"minecraft:skeleton":4,"apocalypsenow:runner_40":1,"apocalypsenow:runner_41":2},"minecraft:dropped":{"apocalypsenow:cigarettes":1,"minecraft:glass_bottle":2,"projectvibrantjourneys:mossy_rocks":2,"cgm:shell":56,"minecraft:lever":1,"minecraft:rotten_flesh":16,"apocalypsenow:bloodybandages":2,"minecraft:gunpowder":4,"mysticalagriculture:inferium_essence":6,"minecraft:bread":3,"minecraft:enchanted_book":1,"apocalypsenow:human_flesh":5,"farmersdelight:tomato_seeds":3,"minecraft:water_bucket":2,"minecraft:iron_ingot":85,"toughasnails:water_canteen":4,"minecraft:feather":3,"mekanismtools:osmium_axe":1,"mekanismtools:osmium_helmet":1,"minecraft:coal":6,"bunker_down:steel_block_slab":1,"mca:book_romance":1,"tombstone:magic_scroll":1,"tombstone:grave_key":2,"tombstone:grave_dust":4,"additionalguns:m1014":1,"minecraft:potion":1,"minecraft:iron_leggings":1,"apocalypsenow:fishermans_knife":1,"toughasnails:purified_water_canteen":1,"toughasnails:leaf_leggings":1,"minecraft:iron_shovel":2,"minecraft:string":1,"dynamictrees:acacia_seed":1,"minecraft:dandelion":1,"minecraft:redstone":2,"minecraft:light_gray_concrete":10,"minecraft:iron_chestplate":1,"ava:shotgun_ammo":1},"minecraft:broken":{"toughasnails:leaf_boots":3,"toughasnails:leaf_chestplate":3,"minecraft:golden_hoe":1,"toughasnails:leaf_leggings":3,"toughasnails:water_canteen":6,"minecraft:leather_boots":1,"toughasnails:purified_water_canteen":3,"toughasnails:leaf_helmet":2},"minecraft:crafted":{"minecraft:oak_planks":24,"mekanism:ingot_osmium":36,"minecraft:cooked_chicken":1,"minecraft:glass":3,"minecraft:chest":2,"easy_steel:tin_ingot":1,"minecraft:magenta_dye":2,"mekanismtools:osmium_pickaxe":1,"minecraft:glass_bottle":3,"minecraft:cooked_porkchop":6,"minecraft:crafting_table":2,"minecraft:spruce_planks":24,"minecraft:wooden_pickaxe":1,"minecraft:stick":12,"minecraft:iron_ingot":77,"minecraft:stone_sword":1,"minecraft:furnace":3,"minecraft:bone_meal":15,"mekanismtools:osmium_axe":1,"minecraft:stone_pickaxe":1,"minecraft:dark_oak_planks":8,"mekanismtools:osmium_helmet":1,"minecraft:cooked_beef":2,"minecraft:cooked_salmon":3,"minecraft:stone_axe":1,"minecraft:bread":13,"apocalypsenow:cooked_human_flesh":8,"minecraft:white_bed":1,"minecraft:torch":4},"minecraft:killed":{"apocalypsenow:crawler_3":1,"zombie_extreme:night_hunter":2,"apocalypsenow:runner_49":4,"minecraft:spider":4,"apocalypsenow:walker_29":2,"minecraft:cod":1,"apocalypsenow:walker_26":3,"minecraft:skeleton":2,"minecraft:chicken":1,"zombie_extreme:ram":1,"apocalypsenow:runner_42":3,"apocalypsenow:runner_41":2,"apocalypsenow:runner_46":3,"apocalypsenow:runner_45":4,"apocalypsenow:walker_22":4,"minecraft:pig":1,"zombie_extreme:infected_hazmat":1,"apocalypsenow:walker_23":2,"apocalypsenow:walker_7":1,"apocalypsenow:runner_54":2,"minecraft:creeper":2,"apocalypsenow:walker_5":1,"zombie_extreme:chainsaw":1,"minecraft:sheep":4,"minecraft:zombie":7,"apocalypsenow:walker_13":1,"apocalypsenow:runner_43":3,"apocalypsenow:runner_44":2,"zombie_extreme:infected_police":1,"zombie_extreme:devastated":1,"apocalypsenow:walker_24":1,"apocalypsenow:runner_55":2,"zombie_extreme:fetus":1,"apocalypsenow:walker_6":1,"minecraft:cow":2,"mca:male_zombie_villager":1,"apocalypsenow:walker_19":2,"apocalypsenow:looter_1":5,"apocalypsenow:runner_37":5,"apocalypsenow:runner_39":3,"apocalypsenow:runner_35":5,"apocalypsenow:walker_3":1,"apocalypsenow:walker_15":2,"apocalypsenow:walker_10":1,"apocalypsenow:walker_18":1,"apocalypsenow:runner_53":1,"apocalypsenow:walker_33":1,"zombie_extreme:runner":2,"apocalypsenow:runner_34":2,"apocalypsenow:walker_4":3,"apocalypsenow:walker_30":1,"zombie_extreme:crawler":1,"apocalypsenow:walker_20":2,"zombie_extreme:boomer":1,"apocalypsenow:runner_40":6,"apocalypsenow:walker_9":1,"apocalypsenow:runner_52":3,"apocalypsenow:walker_21":1,"mowziesmobs:umvuthana_follower_raptor":5,"apocalypsenow:runner_50":3,"apocalypsenow:walker_32":5,"apocalypsenow:walker_27":1,"apocalypsenow:runner_48":1,"apocalypsenow:runner_47":3,"apocalypsenow:walker_17":6,"apocalypsenow:crawler_2":2,"apocalypsenow:runner_36":3,"apocalypsenow:walker_28":1,"apocalypsenow:walker_31":1,"apocalypsenow:walker_2":2},"minecraft:used":{"minecraft:beetroot":4,"minecraft:peony":1,"minecraft:moss_carpet":2,"minecraft:iron_shovel":9,"minecraft:ladder":1,"farmersdelight:cabbage_seeds":35,"minecraft:chest":5,"farmersdelight:cabbage":9,"minecraft:shield":27,"minecraft:white_terracotta":3,"minecraft:obsidian":6,"farmersdelight:tomato":30,"minecraft:red_wool":2,"minecraft:stone_brick_stairs":2,"minecraft:stone_bricks":3,"minecraft:red_carpet":2,"apocalypsenow:chocolate_bar":1,"minecraft:sweet_berries":9,"minecraft:oak_sapling":3,"minecraft:furnace":4,"minecraft:gray_bed":6,"minecraft:potato":44,"bunker_down:steel_vent":1,"apocalypsenow:cooked_human_flesh":15,"minecraft:damaged_anvil":1,"minecraft:stone_pickaxe":72,"minecraft:wooden_pickaxe":33,"toughasnails:water_canteen":43,"minecraft:golden_hoe":32,"minecraft:sand":1,"bunker_down:steel_block":5,"minecraft:bread":34,"minecraft:wooden_sword":15,"minecraft:grindstone":1,"minecraft:air":1,"minecraft:coarse_dirt":11,"mekanismtools:osmium_chestplate":2,"minecraft:bone_meal":15,"minecraft:stone_sword":7,"minecraft:flint_and_steel":1,"minecraft:red_concrete":7,"minecraft:spruce_planks":4,"toughasnails:leaf_boots":1,"minecraft:cooked_salmon":3,"minecraft:stone_hoe":39,"minecraft:cooked_chicken":1,"minecraft:oak_door":1,"minecraft:torch":19,"minecraft:dirt":84,"minecraft:white_carpet":2,"toughasnails:empty_canteen":10,"projectvibrantjourneys:bark_mushroom":1,"minecraft:spruce_fence":11,"zombie_extreme:bandage":19,"minecraft:oak_stairs":1,"mekanismtools:osmium_helmet":3,"additionalguns:m1014":48,"minecraft:beef":1,"tombstone:gift":7,"minecraft:cooked_beef":2,"farmersdelight:tomato_seeds":12,"minecraft:light_gray_bed":2,"minecraft:wheat_seeds":42,"minecraft:water_bucket":186,"toughasnails:leaf_leggings":2,"minecraft:glass_bottle":58,"minecraft:polished_andesite":5,"mekanismtools:osmium_axe":344,"zombie_extreme:rotten_apple":1,"minecraft:oak_slab":3,"minecraft:crafting_table":5,"mekanismtools:osmium_boots":2,"minecraft:white_bed":3,"minecraft:cod":5,"mekanismtools:osmium_pickaxe":362,"minecraft:flower_pot":1,"minecraft:stone_slab":6,"toughasnails:leaf_chestplate":2,"minecraft:stone_axe":8,"minecraft:blue_carpet":2,"minecraft:cobblestone":97,"minecraft:potion":57,"minecraft:cooked_porkchop":6,"toughasnails:purified_water_canteen":18,"minecraft:bucket":184,"mekanismtools:osmium_leggings":2,"alexsmobs:animal_dictionary":1,"apocalypsenow:human_flesh":3,"minecraft:smooth_stone":1},"minecraft:picked_up":{"toughasnails:leaf_leggings":4,"minecraft:wheat":17,"minecraft:flower_pot":1,"apocalypsenow:bloodybandages":3,"minecraft:stone_slab":12,"minecraft:oak_stairs":1,"minecraft:potion":2,"minecraft:stone_brick_stairs":2,"tombstone:grave_key":1,"ava:shotgun_ammo":1,"projectvibrantjourneys:mossy_rocks":3,"minecraft:string":9,"mekanismtools:osmium_axe":1,"minecraft:beetroot":4,"mysticalagriculture:inferium_essence":39,"minecraft:smooth_stone":1,"farmersdelight:cabbage":9,"minecraft:spruce_planks":10,"toughasnails:leaf_boots":3,"grapplemod:grapplinghook":1,"farmersdelight:cabbage_seeds":28,"minecraft:furnace":2,"minecraft:stick":11,"minecraft:torch":16,"additionalguns:m1014":1,"minecraft:porkchop":3,"apocalypsenow:antibiotics":1,"tombstone:grave_dust":12,"minecraft:stone_sword":1,"minecraft:light_gray_bed":2,"minecraft:rotten_flesh":123,"zombie_extreme:rotten_apple":2,"minecraft:white_terracotta":3,"minecraft:iron_bars":1,"minecraft:snowball":2,"minecraft:cobblestone":214,"minecraft:feather":3,"minecraft:lilac":1,"minecraft:water_bucket":2,"bunker_down:steel_vent":1,"minecraft:potato":14,"toughasnails:leaf_helmet":2,"minecraft:magenta_dye":2,"minecraft:stripped_spruce_wood":2,"farmersdelight:tomato":10,"minecraft:dirt":146,"minecraft:bone":1,"apocalypsenow:bandage":1,"minecraft:wheat_seeds":64,"apocalypsenow:human_flesh":1,"ava:fg42_dreamcatcher":1,"minecraft:grindstone":1,"minecraft:stone_hoe":1,"minecraft:oak_planks":1,"toughasnails:purified_water_canteen":1,"mekanismtools:osmium_chestplate":1,"minecraft:sand":8,"dynamictrees:acacia_seed":2,"minecraft:dark_oak_log":2,"minecraft:bundle":2,"cgm:shell":112,"minecraft:light_gray_concrete":10,"minecraft:polished_andesite":5,"apocalypsenow:red_motorcycle_helmet_helmet":1,"toughasnails:water_canteen":4,"minecraft:clay":6,"minecraft:lever":1,"easy_steel:tin_ingot":1,"ava:small_rifle_magazine":4,"minecraft:bread":2,"minecraft:emerald":2,"sophisticatedbackpacks:gold_backpack":1,"minecraft:charcoal":4,"minecraft:coarse_dirt":11,"minecraft:crafting_table":3,"minecraft:chicken":1,"minecraft:ladder":1,"minecraft:clay_ball":18,"tconstruct:materials_and_you":1,"minecraft:wooden_pickaxe":1,"minecraft:moss_carpet":3,"minecraft:wooden_sword":1,"minecraft:white_carpet":3,"minecraft:iron_shovel":2,"minecraft:beef":3,"minecraft:quartz_stairs":1,"biomesoplenty:wildflower":1,"minecraft:sugar_cane":5,"minecraft:chest":3,"minecraft:raw_iron":83,"minecraft:oak_door":1,"projectvibrantjourneys:bark_mushroom":1,"minecraft:spruce_fence":11,"farmersdelight:tomato_seeds":10,"minecraft:cookie":1,"minecraft:redstone":4,"minecraft:blue_carpet":2,"toughasnails:empty_canteen":1,"mekanismtools:osmium_helmet":1,"minecraft:arrow":3,"minecraft:beetroot_seeds":5,"minecraft:peony":1,"zombie_extreme:bandage":19,"k_turrets:raw_titanium":14,"tombstone:essence_of_undeath":2,"minecraft:gold_ingot":2,"easy_steel:raw_tin":1,"minecraft:mutton":6,"minecraft:white_wool":7,"minecraft:basalt":5,"minecraft:golden_carrot":4,"minecraft:leather":2,"minecraft:yellow_dye":6,"minecraft:birch_planks":6,"minecraft:oak_log":6,"minecraft:gunpowder":5,"bunker_down:steel_block":5,"apocalypsenow:cooked_human_flesh":9,"minecraft:red_carpet":6,"minecraft:stone_bricks":3,"mowziesmobs:umvuthana_mask_rage":1,"minecraft:iron_ingot":2,"minecraft:stone_pickaxe":1,"minecraft:glass_bottle":2,"minecraft:gray_bed":6,"minecraft:book":7,"toughasnails:leaf_chestplate":3,"minecraft:oak_slab":3,"minecraft:sweet_berries":7,"minecraft:red_wool":2,"minecraft:dandelion":1,"minecraft:white_bed":2,"minecraft:spruce_log":1,"mekanism:raw_osmium":36,"minecraft:spider_eye":2,"bunker_down:steel_block_slab":1,"mowziesmobs:naga_fang":1,"mekanismtools:osmium_leggings":1,"mekanismtools:osmium_boots":1,"minecraft:stone_axe":1,"tombstone:magic_scroll":4,"minecraft:damaged_anvil":1,"minecraft:red_concrete":7,"minecraft:coal":52,"minecraft:sunflower":1}},"DataVersion":3120}