{"stats":{"minecraft:killed":{"apocalypsenow:runner_49":1,"minecraft:spider":3,"apocalypsenow:walker_29":1,"minecraft:cod":1,"minecraft:skeleton":1,"minecraft:chicken":1,"zombie_extreme:ram":1,"apocalypsenow:runner_41":1,"apocalypsenow:runner_46":1,"apocalypsenow:runner_45":3,"minecraft:pig":1,"apocalypsenow:runner_54":1,"apocalypsenow:runner_43":2,"apocalypsenow:runner_44":1,"zombie_extreme:infected_police":1,"apocalypsenow:walker_24":1,"apocalypsenow:runner_55":2,"minecraft:cow":2,"apocalypsenow:walker_19":1,"apocalypsenow:runner_37":3,"apocalypsenow:runner_39":2,"apocalypsenow:runner_35":2,"apocalypsenow:walker_3":1,"apocalypsenow:walker_15":1,"apocalypsenow:walker_18":1,"apocalypsenow:walker_33":1,"zombie_extreme:runner":1,"apocalypsenow:walker_30":1,"zombie_extreme:boomer":1,"apocalypsenow:runner_40":4,"apocalypsenow:walker_9":1,"apocalypsenow:runner_52":2,"apocalypsenow:runner_50":2,"apocalypsenow:walker_32":2,"apocalypsenow:runner_48":1,"apocalypsenow:walker_17":3,"apocalypsenow:runner_47":1,"apocalypsenow:crawler_2":1,"apocalypsenow:runner_36":1,"apocalypsenow:walker_28":1,"apocalypsenow:walker_2":1},"minecraft:dropped":{"apocalypsenow:cigarettes":1,"minecraft:glass_bottle":1,"projectvibrantjourneys:mossy_rocks":2,"minecraft:lever":1,"minecraft:rotten_flesh":6,"apocalypsenow:bloodybandages":2,"mysticalagriculture:inferium_essence":1,"minecraft:enchanted_book":1,"minecraft:water_bucket":2,"minecraft:iron_ingot":4,"mekanismtools:osmium_axe":1,"minecraft:coal":6,"bunker_down:steel_block_slab":1,"mca:book_romance":1,"tombstone:grave_key":2,"tombstone:grave_dust":2,"minecraft:potion":1,"apocalypsenow:fishermans_knife":1,"minecraft:iron_shovel":2,"minecraft:string":1,"minecraft:dandelion":1,"minecraft:redstone":2,"minecraft:light_gray_concrete":10,"ava:shotgun_ammo":1},"minecraft:broken":{"toughasnails:leaf_boots":1,"toughasnails:leaf_chestplate":1,"toughasnails:leaf_leggings":1,"minecraft:leather_boots":1,"toughasnails:leaf_helmet":1},"minecraft:custom":{"minecraft:interact_with_crafting_table":21,"minecraft:open_barrel":3,"minecraft:eat_cake_slice":3,"minecraft:leave_game":1,"minecraft:time_since_death":20384,"minecraft:sprint_one_cm":418456,"minecraft:damage_blocked_by_shield":470,"minecraft:drop":39,"minecraft:talked_to_villager":1,"minecraft:play_time":250766,"minecraft:deaths":24,"minecraft:jump":3783,"minecraft:walk_on_water_one_cm":147968,"minecraft:interact_with_furnace":68,"minecraft:sleep_in_bed":7,"minecraft:damage_dealt":9399,"minecraft:player_kills":2,"minecraft:crouch_one_cm":24352,"tombstone:undead_killed":47,"minecraft:interact_with_smoker":3,"minecraft:use_cauldron":2,"minecraft:mob_kills":65,"minecraft:climb_one_cm":61420,"minecraft:walk_one_cm":737584,"minecraft:sneak_time":10513,"minecraft:walk_under_water_one_cm":37891,"minecraft:total_world_time":250766,"minecraft:time_since_rest":17507,"minecraft:damage_taken":10029,"minecraft:fly_one_cm":672365,"minecraft:swim_one_cm":83749,"minecraft:open_chest":91,"minecraft:fall_one_cm":81483},"minecraft:crafted":{"mekanism:ingot_osmium":36,"minecraft:cooked_chicken":1,"minecraft:glass":3,"easy_steel:tin_ingot":1,"minecraft:magenta_dye":2,"mekanismtools:osmium_pickaxe":1,"minecraft:glass_bottle":3,"minecraft:cooked_porkchop":3,"minecraft:crafting_table":2,"minecraft:spruce_planks":12,"minecraft:wooden_pickaxe":1,"minecraft:stick":12,"minecraft:iron_ingot":77,"minecraft:stone_sword":1,"minecraft:furnace":3,"mekanismtools:osmium_axe":1,"minecraft:stone_pickaxe":1,"minecraft:dark_oak_planks":8,"minecraft:cooked_beef":2,"minecraft:stone_axe":1,"apocalypsenow:cooked_human_flesh":6,"minecraft:white_bed":1,"minecraft:torch":4},"minecraft:killed_by":{"mowziesmobs:naga":1,"minecraft:creeper":1,"mowziesmobs:umvuthana_follower_raptor":1,"zombie_extreme:chainsaw":1,"minecraft:zombie":1,"alexsmobs:grizzly_bear":2,"apocalypsenow:runner_44":1,"zombie_extreme:boomer":1,"apocalypsenow:runner_34":1,"apocalypsenow:runner_36":1,"apocalypsenow:looter_1":1,"minecraft:skeleton":4,"apocalypsenow:runner_40":1,"apocalypsenow:runner_41":1},"minecraft:picked_up":{"toughasnails:leaf_leggings":1,"minecraft:wheat":3,"minecraft:flower_pot":1,"apocalypsenow:bloodybandages":3,"minecraft:stone_slab":12,"minecraft:oak_stairs":1,"minecraft:potion":2,"minecraft:stone_brick_stairs":2,"tombstone:grave_key":1,"ava:shotgun_ammo":1,"projectvibrantjourneys:mossy_rocks":3,"minecraft:string":7,"mekanismtools:osmium_axe":1,"minecraft:beetroot":4,"mysticalagriculture:inferium_essence":18,"minecraft:smooth_stone":1,"toughasnails:leaf_boots":1,"minecraft:spruce_planks":10,"minecraft:furnace":2,"minecraft:stick":11,"minecraft:torch":14,"minecraft:porkchop":3,"apocalypsenow:antibiotics":1,"tombstone:grave_dust":10,"minecraft:stone_sword":1,"minecraft:rotten_flesh":53,"minecraft:white_terracotta":3,"minecraft:iron_bars":1,"minecraft:cobblestone":131,"minecraft:lilac":1,"minecraft:water_bucket":2,"toughasnails:leaf_helmet":1,"minecraft:magenta_dye":2,"minecraft:stripped_spruce_wood":2,"minecraft:dirt":44,"minecraft:bone":1,"apocalypsenow:bandage":1,"minecraft:wheat_seeds":19,"minecraft:grindstone":1,"minecraft:oak_planks":1,"mekanismtools:osmium_chestplate":1,"minecraft:sand":8,"minecraft:dark_oak_log":2,"minecraft:bundle":2,"minecraft:light_gray_concrete":10,"minecraft:polished_andesite":5,"minecraft:clay":6,"minecraft:lever":1,"easy_steel:tin_ingot":1,"minecraft:emerald":2,"sophisticatedbackpacks:gold_backpack":1,"minecraft:charcoal":4,"minecraft:coarse_dirt":11,"minecraft:crafting_table":2,"minecraft:chicken":1,"minecraft:ladder":1,"minecraft:clay_ball":18,"tconstruct:materials_and_you":1,"minecraft:wooden_pickaxe":1,"minecraft:wooden_sword":1,"minecraft:white_carpet":3,"minecraft:iron_shovel":2,"minecraft:beef":3,"minecraft:sugar_cane":5,"minecraft:quartz_stairs":1,"minecraft:chest":3,"minecraft:raw_iron":83,"minecraft:oak_door":1,"projectvibrantjourneys:bark_mushroom":1,"minecraft:spruce_fence":11,"minecraft:cookie":1,"minecraft:redstone":2,"minecraft:blue_carpet":2,"mekanismtools:osmium_helmet":1,"minecraft:arrow":2,"minecraft:beetroot_seeds":5,"minecraft:peony":1,"zombie_extreme:bandage":19,"k_turrets:raw_titanium":14,"minecraft:gold_ingot":2,"easy_steel:raw_tin":1,"minecraft:white_wool":3,"minecraft:basalt":5,"minecraft:golden_carrot":4,"minecraft:yellow_dye":6,"minecraft:leather":2,"minecraft:birch_planks":6,"minecraft:oak_log":6,"bunker_down:steel_block":4,"apocalypsenow:cooked_human_flesh":3,"minecraft:red_carpet":6,"minecraft:stone_bricks":3,"minecraft:iron_ingot":2,"minecraft:stone_pickaxe":1,"minecraft:glass_bottle":2,"minecraft:gray_bed":3,"toughasnails:leaf_chestplate":1,"minecraft:book":7,"minecraft:oak_slab":3,"minecraft:sweet_berries":7,"minecraft:red_wool":2,"minecraft:dandelion":1,"minecraft:white_bed":2,"minecraft:spruce_log":1,"mekanism:raw_osmium":36,"minecraft:spider_eye":2,"bunker_down:steel_block_slab":1,"mowziesmobs:naga_fang":1,"mekanismtools:osmium_leggings":1,"mekanismtools:osmium_boots":1,"minecraft:stone_axe":1,"tombstone:magic_scroll":1,"minecraft:damaged_anvil":1,"minecraft:red_concrete":5,"minecraft:coal":52,"minecraft:sunflower":1},"minecraft:mined":{"minecraft:spruce_planks":5,"minecraft:white_bed":2,"minecraft:grass_block":23,"minecraft:iron_ore":82,"minecraft:fire":1,"minecraft:iron_bars":1,"minecraft:light_gray_concrete":6,"mekanism:osmium_ore":35,"dtterralith:birch_short_conifer_leaves":1,"minecraft:torch":3,"projectvibrantjourneys:twigs":1,"minecraft:chest":2,"minecraft:cobblestone":18,"minecraft:grindstone":1,"minecraft:sugar_cane":2,"minecraft:oak_planks":1,"minecraft:damaged_anvil":1,"minecraft:wall_torch":8,"minecraft:white_terracotta":3,"minecraft:wheat":4,"bunker_down:steel_block_slab":1,"dynamictrees:birch_leaves":7,"minecraft:stone_brick_stairs":2,"minecraft:grass":5,"projectvibrantjourneys:short_grass":4,"minecraft:beetroots":4,"minecraft:sand":8,"minecraft:dirt":16,"minecraft:red_carpet":4,"biomesoplenty:desert_grass":2,"projectvibrantjourneys:rocks":1,"mekanism:deepslate_osmium_ore":2,"minecraft:ladder":1,"biomesoplenty:bush":2,"minecraft:spruce_fence":11,"minecraft:redstone_wire":1,"dynamictrees:oak_leaves":12,"minecraft:furnace":2,"dynamictrees:oak_undergrowth_leaves":5,"minecraft:bookshelf":1,"biomesoplenty:barley":8,"bunker_down:steel_block":3,"minecraft:stone":116,"minecraft:white_wool":3,"minecraft:red_wool":2,"minecraft:basalt":3,"minecraft:crafting_table":2,"minecraft:emerald_ore":1,"minecraft:campfire":1,"minecraft:stone_slab":12,"minecraft:tall_grass":2,"minecraft:birch_planks":4,"minecraft:coarse_dirt":11,"minecraft:stripped_spruce_wood":2,"easy_steel:cassiterite_ore":1,"minecraft:sweet_berry_bush":3,"minecraft:gray_bed":3,"minecraft:white_carpet":2,"k_turrets:titanium_ore":7,"projectvibrantjourneys:spruce_hollow_log":1,"minecraft:coal_ore":47,"minecraft:sunflower":2,"minecraft:cobweb":2,"minecraft:polished_andesite":5,"minecraft:stone_bricks":2},"minecraft:used":{"minecraft:peony":1,"minecraft:beetroot":4,"minecraft:iron_shovel":9,"minecraft:ladder":1,"minecraft:chest":3,"minecraft:shield":26,"minecraft:white_terracotta":3,"minecraft:red_wool":2,"minecraft:stone_brick_stairs":2,"minecraft:stone_bricks":1,"apocalypsenow:chocolate_bar":1,"minecraft:red_carpet":2,"minecraft:sweet_berries":9,"minecraft:furnace":4,"minecraft:gray_bed":3,"minecraft:potato":3,"apocalypsenow:cooked_human_flesh":7,"minecraft:stone_pickaxe":72,"minecraft:wooden_pickaxe":33,"minecraft:sand":1,"bunker_down:steel_block":4,"minecraft:bread":14,"minecraft:wooden_sword":15,"minecraft:air":1,"minecraft:coarse_dirt":11,"mekanismtools:osmium_chestplate":1,"minecraft:stone_sword":7,"minecraft:flint_and_steel":1,"minecraft:red_concrete":5,"minecraft:cooked_chicken":1,"minecraft:oak_door":1,"minecraft:torch":16,"minecraft:dirt":43,"minecraft:white_carpet":2,"projectvibrantjourneys:bark_mushroom":1,"zombie_extreme:bandage":13,"minecraft:spruce_fence":11,"mekanismtools:osmium_helmet":1,"minecraft:beef":1,"tombstone:gift":5,"minecraft:cooked_beef":2,"minecraft:wheat_seeds":1,"minecraft:water_bucket":81,"toughasnails:leaf_leggings":1,"minecraft:glass_bottle":44,"minecraft:polished_andesite":5,"mekanismtools:osmium_axe":206,"minecraft:crafting_table":4,"mekanismtools:osmium_boots":1,"minecraft:white_bed":3,"minecraft:cod":4,"mekanismtools:osmium_pickaxe":270,"minecraft:flower_pot":1,"minecraft:stone_slab":6,"toughasnails:leaf_chestplate":1,"minecraft:stone_axe":8,"minecraft:blue_carpet":2,"minecraft:cobblestone":68,"minecraft:potion":43,"minecraft:cooked_porkchop":3,"minecraft:bucket":80,"alexsmobs:animal_dictionary":1,"mekanismtools:osmium_leggings":1,"apocalypsenow:human_flesh":3,"minecraft:smooth_stone":1}},"DataVersion":3120}