{"stats":{"minecraft:dropped":{"minecraft:wheat_seeds":9,"minecraft:yellow_wool":10,"minecraft:rotten_flesh":7,"zombie_extreme:crowbar":1,"minecraft:azure_bluet":1,"zombie_extreme:bandage":4,"tombstone:grave_dust":1,"minecraft:wooden_sword":2,"minecraft:white_wool":14,"minecraft:dandelion":1},"minecraft:custom":{"minecraft:interact_with_furnace":26,"minecraft:mob_kills":28,"minecraft:interact_with_crafting_table":12,"minecraft:leave_game":1,"minecraft:time_since_death":4233,"minecraft:damage_resisted":815,"minecraft:sleep_in_bed":3,"minecraft:climb_one_cm":3743,"minecraft:time_since_rest":3974,"minecraft:sprint_one_cm":120424,"minecraft:damage_taken":3302,"minecraft:walk_one_cm":413142,"tombstone:sneak_grave":1,"minecraft:damage_blocked_by_shield":1547,"minecraft:drop":28,"minecraft:damage_dealt":3599,"minecraft:swim_one_cm":9643,"minecraft:fly_one_cm":155438,"minecraft:player_kills":1,"minecraft:open_chest":32,"minecraft:crouch_one_cm":10781,"minecraft:play_time":127556,"tombstone:undead_killed":22,"minecraft:deaths":10,"minecraft:sneak_time":5331,"minecraft:walk_under_water_one_cm":5388,"tombstone:tomb_raiding":1,"minecraft:jump":1492,"minecraft:walk_on_water_one_cm":5098,"minecraft:total_world_time":127556,"minecraft:fall_one_cm":29078},"minecraft:killed_by":{"alexsmobs:froststalker":1,"minecraft:player":1,"zombie_extreme:infected_military":1,"zombie_extreme:night_hunter":2,"minecraft:zombie":1,"apocalypsenow:walker_33":1,"apocalypsenow:walker_5":1,"apocalypsenow:walker_29":1},"minecraft:broken":{"minecraft:iron_pickaxe":2},"minecraft:killed":{"apocalypsenow:walker_30":1,"zombie_extreme:infected_military":1,"apocalypsenow:crawler_3":2,"apocalypsenow:walker_9":3,"apocalypsenow:runner_52":1,"apocalypsenow:walker_21":1,"apocalypsenow:runner_35":1,"apocalypsenow:walker_5":2,"apocalypsenow:walker_3":1,"minecraft:skeleton":1,"apocalypsenow:runner_41":1,"apocalypsenow:runner_45":1,"apocalypsenow:walker_15":1,"apocalypsenow:walker_17":1,"apocalypsenow:runner_43":1,"apocalypsenow:runner_34":1,"female_zombie_:female_zombie":2,"apocalypsenow:walker_31":1,"zombie_extreme:runner":1,"apocalypsenow:walker_4":2},"minecraft:crafted":{"minecraft:oak_planks":120,"minecraft:crafting_table":2,"mekanism:ingot_osmium":46,"minecraft:furnace":3,"mekanismtools:osmium_axe":1,"minecraft:stick":12,"minecraft:iron_ingot":51,"minecraft:iron_pickaxe":1,"minecraft:stone_pickaxe":2,"minecraft:chest":3,"mekanismtools:osmium_pickaxe":1},"minecraft:mined":{"minecraft:scaffolding":1,"mekanism:osmium_ore":52,"minecraft:redstone_block":1,"minecraft:white_bed":2,"minecraft:crafting_table":1,"minecraft:glow_lichen":1,"minecraft:torch":4,"projectvibrantjourneys:twigs":1,"biomesoplenty:bush":1,"minecraft:emerald_ore":2,"minecraft:grass_block":1,"minecraft:redstone_wire":2,"minecraft:tall_grass":3,"minecraft:cobblestone":2,"minecraft:cartography_table":1,"minecraft:oak_planks":4,"minecraft:oak_wall_sign":1,"minecraft:wall_torch":5,"minecraft:hay_block":10,"minecraft:furnace":1,"minecraft:yellow_wool":10,"minecraft:iron_ore":48,"minecraft:andesite":27,"k_turrets:titanium_ore":19,"minecraft:grass":11,"minecraft:coal_ore":68,"minecraft:oak_log":30,"projectvibrantjourneys:short_grass":1,"minecraft:oak_stairs":2,"minecraft:gravel":3,"minecraft:dirt":21,"sulfurpotassiummod:potassium_ore":43,"minecraft:stone":283,"minecraft:white_wool":15},"minecraft:picked_up":{"minecraft:wheat":2,"minecraft:crafting_table":1,"minecraft:azure_bluet":1,"minecraft:redstone_block":1,"minecraft:andesite":36,"minecraft:yellow_wool":10,"minecraft:golden_leggings":1,"minecraft:potato":1,"minecraft:oak_stairs":2,"minecraft:oak_log":31,"minecraft:dirt":30,"minecraft:wooden_sword":1,"minecraft:bone":1,"minecraft:oak_sign":2,"minecraft:wheat_seeds":9,"apocalypsenow:human_flesh":1,"minecraft:bow":3,"minecraft:cartography_table":1,"mysticalagriculture:inferium_essence":9,"minecraft:oak_planks":4,"minecraft:furnace":1,"minecraft:scaffolding":1,"minecraft:golden_helmet":1,"minecraft:raw_iron":49,"sulfurpotassiummod:raw_potassium":44,"minecraft:torch":9,"minecraft:dandelion":2,"minecraft:gravel":3,"apocalypsenow:bulletproof_vest_chestplate":1,"tombstone:grave_dust":1,"minecraft:white_bed":2,"minecraft:redstone":3,"mekanism:raw_osmium":51,"minecraft:brown_carpet":1,"minecraft:arrow":2,"minecraft:rotten_flesh":26,"zombie_extreme:bandage":13,"k_turrets:raw_titanium":20,"minecraft:hay_block":9,"zombie_extreme:rotten_apple":2,"minecraft:emerald":2,"firstaid:bandage":9,"minecraft:iron_bars":1,"minecraft:coal":71,"minecraft:white_wool":14,"minecraft:cobblestone":282},"minecraft:used":{"minecraft:iron_bars":1,"minecraft:flint_and_steel":9,"minecraft:stone_pickaxe":40,"minecraft:oak_planks":1,"minecraft:oak_sign":2,"minecraft:cartography_table":1,"minecraft:chest":3,"minecraft:shield":89,"minecraft:bell":1,"mekanismtools:osmium_axe":76,"minecraft:torch":8,"minecraft:dirt":30,"minecraft:crafting_table":2,"minecraft:white_bed":1,"zombie_extreme:bandage":9,"mekanismtools:osmium_pickaxe":31,"minecraft:oak_stairs":2,"minecraft:bread":17,"minecraft:iron_pickaxe":481,"minecraft:gravel":1,"minecraft:stone_axe":62,"minecraft:wooden_sword":56,"minecraft:cobblestone":8,"minecraft:brown_carpet":1,"minecraft:scaffolding":1,"minecraft:furnace":4,"minecraft:andesite":4,"tombstone:gift":5,"minecraft:potato":2,"apocalypsenow:human_flesh":4,"minecraft:dandelion":1}},"DataVersion":3120}