{"stats":{"minecraft:dropped":{"zombie_extreme:crowbar":1,"zombie_extreme:bandage":4,"tombstone:grave_dust":1,"minecraft:wooden_sword":2},"minecraft:killed_by":{"minecraft:player":1,"zombie_extreme:night_hunter":2,"minecraft:zombie":1,"apocalypsenow:walker_33":1,"apocalypsenow:walker_29":1},"minecraft:custom":{"minecraft:interact_with_furnace":7,"minecraft:mob_kills":6,"minecraft:interact_with_crafting_table":5,"minecraft:leave_game":1,"minecraft:time_since_death":26888,"minecraft:sleep_in_bed":3,"minecraft:climb_one_cm":1727,"minecraft:time_since_rest":21519,"minecraft:sprint_one_cm":45754,"minecraft:damage_taken":2642,"minecraft:walk_one_cm":190950,"minecraft:damage_blocked_by_shield":250,"minecraft:drop":8,"minecraft:damage_dealt":980,"minecraft:fly_one_cm":70193,"minecraft:player_kills":1,"minecraft:open_chest":19,"minecraft:crouch_one_cm":5872,"minecraft:play_time":67556,"tombstone:undead_killed":5,"minecraft:deaths":6,"minecraft:sneak_time":2817,"tombstone:tomb_raiding":1,"minecraft:jump":561,"minecraft:total_world_time":67556,"minecraft:fall_one_cm":11157},"minecraft:broken":{"minecraft:iron_pickaxe":1},"minecraft:killed":{"apocalypsenow:walker_30":1,"apocalypsenow:crawler_3":1,"apocalypsenow:walker_9":1,"apocalypsenow:walker_21":1,"apocalypsenow:runner_43":1,"female_zombie_:female_zombie":1},"minecraft:crafted":{"minecraft:oak_planks":120,"minecraft:crafting_table":1,"mekanism:ingot_osmium":6,"minecraft:furnace":1,"mekanismtools:osmium_axe":1,"minecraft:stick":8,"minecraft:iron_ingot":4,"minecraft:iron_pickaxe":1,"minecraft:stone_pickaxe":2,"minecraft:chest":2},"minecraft:mined":{"minecraft:scaffolding":1,"mekanism:osmium_ore":12,"minecraft:redstone_block":1,"minecraft:white_bed":2,"minecraft:glow_lichen":1,"minecraft:torch":2,"projectvibrantjourneys:twigs":1,"biomesoplenty:bush":1,"minecraft:grass_block":1,"minecraft:redstone_wire":2,"minecraft:tall_grass":3,"minecraft:cobblestone":2,"minecraft:cartography_table":1,"minecraft:oak_planks":4,"minecraft:oak_wall_sign":1,"minecraft:wall_torch":2,"minecraft:hay_block":10,"minecraft:furnace":1,"minecraft:iron_ore":5,"minecraft:andesite":1,"k_turrets:titanium_ore":2,"minecraft:grass":8,"minecraft:coal_ore":45,"minecraft:oak_log":30,"projectvibrantjourneys:short_grass":1,"minecraft:oak_stairs":2,"minecraft:gravel":2,"minecraft:dirt":21,"sulfurpotassiummod:potassium_ore":8,"minecraft:stone":197},"minecraft:picked_up":{"minecraft:redstone_block":1,"minecraft:andesite":1,"minecraft:golden_leggings":1,"minecraft:oak_stairs":2,"minecraft:oak_log":31,"minecraft:dirt":24,"minecraft:wooden_sword":1,"minecraft:oak_sign":2,"minecraft:bow":3,"minecraft:cartography_table":1,"mysticalagriculture:inferium_essence":1,"minecraft:oak_planks":4,"minecraft:furnace":1,"minecraft:scaffolding":1,"minecraft:golden_helmet":1,"minecraft:raw_iron":5,"sulfurpotassiummod:raw_potassium":8,"minecraft:torch":4,"minecraft:gravel":2,"apocalypsenow:bulletproof_vest_chestplate":1,"tombstone:grave_dust":1,"minecraft:white_bed":2,"minecraft:redstone":1,"mekanism:raw_osmium":12,"minecraft:brown_carpet":1,"minecraft:rotten_flesh":6,"zombie_extreme:bandage":13,"k_turrets:raw_titanium":2,"minecraft:hay_block":9,"firstaid:bandage":9,"minecraft:coal":46,"minecraft:cobblestone":199},"minecraft:used":{"minecraft:stone_pickaxe":30,"minecraft:oak_planks":1,"minecraft:oak_sign":2,"minecraft:cartography_table":1,"minecraft:chest":2,"minecraft:shield":14,"mekanismtools:osmium_axe":4,"minecraft:torch":3,"minecraft:dirt":13,"minecraft:crafting_table":1,"minecraft:white_bed":1,"zombie_extreme:bandage":9,"minecraft:oak_stairs":2,"minecraft:bread":9,"minecraft:iron_pickaxe":248,"minecraft:stone_axe":62,"minecraft:wooden_sword":56,"minecraft:cobblestone":5,"minecraft:brown_carpet":1,"minecraft:scaffolding":1,"minecraft:furnace":2,"minecraft:potato":2,"apocalypsenow:human_flesh":4}},"DataVersion":3120}