{"stats":{"minecraft:dropped":{"zombie_extreme:crowbar":1},"minecraft:killed_by":{"minecraft:player":1,"zombie_extreme:night_hunter":2,"apocalypsenow:walker_29":1},"minecraft:custom":{"minecraft:time_since_rest":543,"minecraft:interact_with_furnace":2,"minecraft:sprint_one_cm":18686,"minecraft:damage_taken":1436,"minecraft:walk_one_cm":80571,"minecraft:damage_blocked_by_shield":75,"minecraft:mob_kills":2,"minecraft:drop":1,"minecraft:damage_dealt":308,"minecraft:interact_with_crafting_table":1,"minecraft:player_kills":1,"minecraft:fly_one_cm":20553,"minecraft:open_chest":12,"minecraft:crouch_one_cm":2317,"minecraft:play_time":31556,"tombstone:undead_killed":1,"minecraft:deaths":4,"minecraft:sneak_time":903,"tombstone:tomb_raiding":1,"minecraft:jump":161,"minecraft:leave_game":1,"minecraft:climb_one_cm":56,"minecraft:time_since_death":662,"minecraft:sleep_in_bed":2,"minecraft:total_world_time":31556,"minecraft:fall_one_cm":2342},"minecraft:killed":{"apocalypsenow:crawler_3":1,"apocalypsenow:walker_9":1},"minecraft:crafted":{"minecraft:chest":1},"minecraft:mined":{"minecraft:hay_block":10,"minecraft:white_bed":1,"minecraft:furnace":1,"minecraft:torch":1,"minecraft:grass":1,"projectvibrantjourneys:twigs":1,"k_turrets:titanium_ore":2,"minecraft:grass_block":1,"minecraft:coal_ore":3,"minecraft:tall_grass":2,"minecraft:cartography_table":1,"minecraft:stone":11},"minecraft:picked_up":{"minecraft:golden_helmet":1,"minecraft:golden_leggings":1,"minecraft:torch":1,"minecraft:white_bed":1,"minecraft:dirt":1,"minecraft:rotten_flesh":2,"minecraft:cartography_table":1,"k_turrets:raw_titanium":2,"minecraft:hay_block":9,"minecraft:coal":3,"minecraft:cobblestone":11,"minecraft:furnace":1},"minecraft:used":{"minecraft:bread":3,"minecraft:cartography_table":1,"minecraft:iron_pickaxe":17,"minecraft:chest":1,"minecraft:shield":3,"minecraft:stone_axe":16,"minecraft:wooden_sword":14,"minecraft:furnace":1,"apocalypsenow:human_flesh":1,"minecraft:potato":2}},"DataVersion":3120}