{"stats":{"minecraft:killed":{"minecraft:witch":1,"zombie_extreme:night_hunter":4,"apocalypsenow:crawler_4":3,"apocalypsenow:runner_49":3,"minecraft:spider":7,"zombie_extreme:infected_juggernaut":3,"apocalypsenow:walker_29":4,"zombie_extreme:divided":1,"apocalypsenow:walker_26":10,"minecraft:skeleton":30,"apocalypsenow:walker_25":3,"apocalypsenow:crawler_1":2,"apocalypsenow:runner_41":4,"apocalypsenow:runner_42":10,"apocalypsenow:runner_46":5,"apocalypsenow:runner_45":10,"apocalypsenow:walker_22":2,"alexsmobs:kangaroo":1,"minecraft:pig":1,"alexsmobs:grizzly_bear":4,"zombie_extreme:infected_hazmat":3,"mekanismadditions:baby_creeper":4,"majruszsdifficulty:tank":1,"apocalypsenow:walker_23":2,"apocalypsenow:walker_7":2,"apocalypsenow:runner_54":10,"minecraft:creeper":10,"apocalypsenow:walker_5":2,"zombie_extreme:chainsaw":3,"minecraft:sheep":1,"kevin_trophy:blister_zombie":2,"apocalypsenow:horde_3":1,"minecraft:zombie":17,"apocalypsenow:walker_12":10,"apocalypsenow:walker_13":5,"apocalypsenow:runner_43":9,"minecraft:stray":3,"apocalypsenow:runner_44":8,"zombie_extreme:infected_police":1,"zombie_extreme:devastated":1,"alexsmobs:fly":1,"apocalypsenow:walker_24":3,"zombie_extreme:fetus":1,"mowziesmobs:umvuthana_raptor":3,"apocalypsenow:runner_55":3,"apocalypsenow:walker_6":5,"minecraft:cow":2,"apocalypsenow:walker_19":10,"apocalypsenow:looter_1":5,"apocalypsenow:runner_37":5,"apocalypsenow:walker_1":7,"apocalypsenow:runner_39":3,"zombie_extreme:demolisher":1,"apocalypsenow:runner_35":9,"apocalypsenow:walker_14":1,"apocalypsenow:walker_3":3,"apocalypsenow:horde_2":2,"minecraft:horse":2,"mekanismadditions:baby_skeleton":2,"apocalypsenow:horde_1":1,"apocalypsenow:walker_15":6,"apocalypsenow:walker_10":4,"apocalypsenow:runner_53":9,"apocalypsenow:walker_18":5,"apocalypsenow:walker_33":3,"apocalypsenow:runner_38":4,"zombie_extreme:runner":2,"apocalypsenow:runner_34":17,"apocalypsenow:walker_8":2,"apocalypsenow:walker_4":7,"apocalypsenow:walker_30":1,"zombie_extreme:crawler":2,"minecraft:husk":3,"apocalypsenow:walker_20":3,"zombie_extreme:boomer":2,"zombie_extreme:infected_military":4,"zombie_extreme:infected":6,"apocalypsenow:runner_40":7,"apocalypsenow:walker_9":5,"apocalypsenow:runner_52":3,"mowziesmobs:umvuthana_follower_raptor":15,"apocalypsenow:walker_21":4,"apocalypsenow:runner_50":13,"apocalypsenow:walker_32":3,"apocalypsenow:walker_27":5,"kevin_trophy:crawler_zombie":1,"apocalypsenow:walker_16":7,"apocalypsenow:runner_48":6,"apocalypsenow:runner_47":6,"apocalypsenow:walker_17":6,"apocalypsenow:looter_4":1,"apocalypsenow:runner_36":10,"apocalypsenow:walker_28":7,"apocalypsenow:runner_51":5,"apocalypsenow:walker_31":1,"kevin_trophy:zombie_brute":1,"apocalypsenow:walker_2":4},"minecraft:dropped":{"bunker_down:steel_vent":1,"minecraft:piston":10,"minecraft:birch_planks":1,"minecraft:glass_bottle":1,"minecraft:cookie":1,"zombie_extreme:washing_machine":2,"zombie_extreme:green_apple":2,"mowziesmobs:naga_fang":1,"sophisticatedbackpacks:gold_backpack":1,"minecraft:dirt":85,"zombie_extreme:soda_used":6,"tconstruct:materials_and_you":1,"projectvibrantjourneys:fallen_leaves":1,"alexsmobs:serrated_shark_tooth":1,"minecraft:fermented_spider_eye":1,"cgm:shell":48,"apocalypsenow:glassbottle":1,"minecraft:oak_door":1,"minecraft:lever":1,"mekanismtools:osmium_pickaxe":1,"apocalypsenow:small_can":1,"minecraft:wheat":1,"tombstone:gift":2,"minecraft:rotten_flesh":78,"minecraft:oak_planks":2,"apocalypsenow:bloodybandages":1,"zombie_extreme:bandage":19,"mysticalagriculture:inferium_essence":17,"biomesoplenty:wildflower":5,"apocalypsenow:cooked_human_flesh":2,"minecraft:arrow":1,"minecraft:stone_brick_stairs":2,"mekanismtools:osmium_leggings":1,"apocalypsenow:human_flesh":4,"minecraft:stone_hoe":1,"minecraft:iron_ingot":15,"minecraft:oak_slab":1,"minecraft:wheat_seeds":10,"minecraft:lilac":1,"mekanismtools:osmium_boots":1,"zombie_extreme:shelf":1,"minecraft:cobblestone":11,"mowziesmobs:umvuthana_mask_fear":1,"minecraft:grass_block":1,"mekanismtools:osmium_helmet":1,"apocalypsenow:antibiotics":1,"ava:small_rifle_magazine":4,"minecraft:golden_carrot":4,"minecraft:sponge":3,"apocalypsenow:bandage":1,"toughasnails:leaf_boots":2,"additionalguns:m1014":1,"minecraft:potion":1,"tombstone:grave_dust":5,"toughasnails:leaf_helmet":2,"mekanism:raw_osmium":32,"minecraft:polished_andesite_stairs":2,"toughasnails:leaf_leggings":2,"minecraft:moss_carpet":1,"alexsmobs:maggot":1,"toughasnails:leaf_chestplate":2,"minecraft:coarse_dirt":5,"minecraft:cobblestone_wall":1,"minecraft:raw_iron":30,"farmersdelight:cabbage_seeds":5,"apocalypsenow:drill":2,"minecraft:white_terracotta":1,"minecraft:acacia_leaves":40,"additionalguns:casing_short":64,"mekanismtools:osmium_chestplate":2,"minecraft:peony":4,"minecraft:bundle":1,"minecraft:quartz_stairs":1,"tombstone:essence_of_undeath":1,"minecraft:wooden_pickaxe":1,"ava:shotgun_ammo":1},"minecraft:broken":{"mekanismtools:osmium_pickaxe":1,"toughasnails:leaf_boots":3,"toughasnails:leaf_chestplate":4,"minecraft:stone_pickaxe":3,"minecraft:wooden_sword":1,"minecraft:stone_axe":1,"apocalypsenow:harpoon":1,"toughasnails:leaf_leggings":4,"apocalypsenow:jet_pilot_helmet":1,"apocalypsenow:red_football_armor_chestplate":1,"minecraft:leather_boots":1,"toughasnails:purified_water_canteen":1,"toughasnails:leaf_helmet":5},"minecraft:custom":{"minecraft:interact_with_crafting_table":64,"minecraft:open_barrel":1,"minecraft:leave_game":1,"minecraft:time_since_death":139939,"minecraft:sprint_one_cm":947927,"minecraft:damage_blocked_by_shield":790,"minecraft:drop":149,"minecraft:play_time":752267,"minecraft:deaths":79,"minecraft:jump":3982,"minecraft:walk_on_water_one_cm":97486,"minecraft:interact_with_furnace":47,"minecraft:sleep_in_bed":5,"minecraft:waystone_activated":2,"tombstone:sneak_grave":2,"minecraft:damage_dealt":47670,"minecraft:crouch_one_cm":48807,"tombstone:undead_killed":360,"minecraft:interact_with_smoker":1,"minecraft:interact_with_anvil":2,"minecraft:mob_kills":471,"minecraft:damage_dealt_resisted":625,"minecraft:climb_one_cm":53948,"minecraft:walk_one_cm":1665183,"minecraft:damage_dealt_absorbed":160,"minecraft:sneak_time":18984,"minecraft:walk_under_water_one_cm":33756,"minecraft:total_world_time":752267,"tombstone:raider_killed":1,"minecraft:interact_with_grindstone":1,"minecraft:time_since_rest":139634,"minecraft:damage_taken":27818,"minecraft:damage_absorbed":120,"minecraft:swim_one_cm":66988,"minecraft:fly_one_cm":1113869,"minecraft:open_chest":245,"minecraft:fall_one_cm":49246},"minecraft:crafted":{"minecraft:oak_planks":44,"mekanism:ingot_osmium":32,"mekanismtools:osmium_chestplate":2,"toughasnails:leaf_leggings":4,"mekanismtools:osmium_boots":2,"minecraft:chest":2,"toughasnails:leaf_helmet":4,"easy_steel:tin_ingot":6,"minecraft:stone_hoe":1,"mekanism:ingot_tin":6,"toughasnails:leaf_boots":2,"minecraft:crafting_table":2,"minecraft:wooden_pickaxe":1,"minecraft:copper_ingot":55,"minecraft:birch_planks":4,"mekanismtools:osmium_leggings":2,"minecraft:stick":8,"minecraft:iron_ingot":50,"minecraft:shears":2,"zombie_extreme:bandage":2,"vinery:savanna_grape_seeds_red":1,"minecraft:iron_nugget":54,"minecraft:bone_meal":39,"minecraft:flint_and_steel":1,"minecraft:stone_pickaxe":5,"mekanismtools:osmium_helmet":1,"cgm:workbench":1,"toughasnails:leaf_chestplate":4,"alexsmobs:cooked_kangaroo_meat":2,"minecraft:stone_axe":1,"minecraft:gold_nugget":9,"apocalypsenow:cooked_human_flesh":23,"minecraft:acacia_planks":32,"minecraft:torch":4},"minecraft:killed_by":{"minecraft:creeper":2,"zombie_extreme:runner":1,"apocalypsenow:runner_42":1,"apocalypsenow:runner_43":1,"apocalypsenow:runner_46":1,"zombie_extreme:chainsaw":1,"zombie_extreme:infected_military":3,"minecraft:zombie":6,"alexsmobs:grizzly_bear":5,"minecraft:player":3,"kevin_trophy:zombie_brute":4,"apocalypsenow:runner_34":2,"minecraft:spider":1,"apocalypsenow:runner_36":1,"apocalypsenow:runner_53":1,"apocalypsenow:looter_1":1,"apocalypsenow:runner_50":3,"apocalypsenow:runner_35":1,"minecraft:skeleton":3,"apocalypsenow:runner_51":1,"kevin_trophy:blister_zombie":1,"apocalypsenow:walker_4":1,"apocalypsenow:runner_40":3,"apocalypsenow:runner_41":1,"mowziesmobs:umvuthana_raptor":1,"apocalypsenow:runner_52":1,"mowziesmobs:naga":1},"minecraft:picked_up":{"toughasnails:leaf_leggings":1,"minecraft:wheat":3,"apocalypsenow:bloodybandages":1,"minecraft:oak_stairs":2,"minecraft:enchanted_book":1,"zombie_extreme:baseball_bat":1,"minecraft:stone_brick_stairs":174,"minecraft:blue_concrete":74,"tombstone:grave_key":1,"ava:shotgun_ammo":1,"biomesoplenty:desert_grass":2,"minecraft:string":16,"minecraft:raw_copper":55,"minecraft:smooth_stone_slab":289,"vinery:savanna_grapes_red":1,"minecraft:oak_sign":1,"mysticalagriculture:inferium_essence":56,"minecraft:smooth_stone":170,"farmersdelight:cabbage":4,"minecraft:spruce_planks":7,"apocalypsenow:red_football_armor_chestplate":1,"farmersdelight:cabbage_seeds":19,"minecraft:tipped_arrow":1,"apocalypsenow:drill":1,"minecraft:stick":43,"minecraft:torch":5,"minecraft:acacia_log":8,"minecraft:spruce_stairs":41,"additionalguns:m1014":1,"tombstone:grave_dust":23,"minecraft:pink_terracotta":16,"mekanism:raw_tin":6,"minecraft:rotten_flesh":240,"zombie_extreme:rotten_apple":2,"minecraft:iron_block":1,"minecraft:white_terracotta":10,"apocalypsenow:wine":1,"minecraft:cobblestone":413,"minecraft:sponge":2,"minecraft:birch_log":5,"minecraft:feather":6,"minecraft:lilac":1,"projectvibrantjourneys:fallen_leaves":1,"minecraft:acacia_leaves":134,"bunker_down:steel_vent":2,"minecraft:potato":8,"alexsmobs:bear_fur":1,"minecraft:flint":2,"minecraft:gray_concrete":392,"farmersdelight:tomato":15,"minecraft:dirt":381,"securitycraft:sentry":1,"minecraft:bone":20,"zombie_extreme:washing_machine":2,"apocalypsenow:human_flesh":20,"minecraft:wheat_seeds":28,"ava:fg42_dreamcatcher":1,"zombie_extreme:shelf":1,"minecraft:oak_planks":19,"zombie_extreme:syringe_drug":1,"mekanismtools:osmium_chestplate":1,"minecraft:sand":1,"minecraft:grass_block":2,"minecraft:fermented_spider_eye":2,"additionalguns:bullet_small":118,"cgm:shell":48,"zombie_extreme:vodka":1,"minecraft:bundle":2,"minecraft:light_gray_concrete":18,"minecraft:dark_prismarine_slab":1,"alexsmobs:kangaroo_hide":1,"minecraft:sugar":1,"minecraft:light_blue_terracotta":8,"minecraft:grass":2,"minecraft:white_concrete":218,"ava:small_rifle_magazine":4,"alexsmobs:maggot":2,"minecraft:oak_leaves":3,"minecraft:fishing_rod":1,"sophisticatedbackpacks:gold_backpack":1,"minecraft:charcoal":2,"minecraft:coarse_dirt":23,"minecraft:crafting_table":2,"minecraft:ladder":6,"minecraft:wooden_pickaxe":2,"minecraft:brick":1,"minecraft:shield":1,"minecraft:moss_carpet":1,"minecraft:netherite_scrap":1,"alexsmobs:serrated_shark_tooth":1,"minecraft:dark_prismarine_stairs":1,"minecraft:iron_nugget":7,"projectvibrantjourneys:short_grass":5,"biomesoplenty:wildflower":14,"minecraft:egg":1,"minecraft:raw_iron":49,"minecraft:oak_door":1,"zombie_extreme:soda_used":5,"minecraft:carrot":10,"minecraft:redstone":27,"additionalguns:casing_small":416,"additionalguns:casing_short":378,"zombie_extreme:green_apple":4,"minecraft:arrow":16,"minecraft:peony":4,"apocalypsenow:jet_pilot_helmet":1,"tombstone:essence_of_undeath":2,"easy_steel:raw_tin":6,"minecraft:mutton":2,"alexsmobs:kangaroo_meat":2,"minecraft:white_wool":6,"minecraft:leather":3,"additionalguns:vector":1,"minecraft:oak_log":28,"zombie_extreme:bronze_nugget":1,"minecraft:gunpowder":12,"mca:book_romance":1,"tombstone:gift":2,"bunker_down:steel_block":1,"minecraft:iron_ingot":96,"ava:sniper_ammo":17,"tombstone:bag_of_seeds":1,"zombie_extreme:cloth":2,"minecraft:glass_bottle":2,"minecraft:polished_andesite_slab":26,"minecraft:polished_andesite_stairs":47,"minecraft:oak_slab":167,"minecraft:sweet_berries":6,"minecraft:stone_brick_slab":10,"mekanism:raw_osmium":62,"minecraft:spider_eye":3,"bunker_down:steel_block_slab":2,"mowziesmobs:naga_fang":2,"minecraft:stone_axe":1,"mekanismtools:osmium_pickaxe":1,"mowziesmobs:umvuthana_mask_fear":2,"minecraft:terracotta":2,"tombstone:magic_scroll":7,"minecraft:red_concrete":168,"minecraft:coal":27},"minecraft:used":{"farmersdelight:cabbage_seeds":9,"bunker_down:ceiling_lamp":115,"minecraft:chest":18,"minecraft:shield":33,"farmersdelight:cabbage":2,"minecraft:stone":648,"minecraft:rotten_flesh":32,"rechiseled:oak_planks_wavy":3,"minecraft:milk_bucket":1,"minecraft:obsidian":5,"minecraft:bricks":34,"minecraft:grass_block":872,"apocalypsenow:harpoon":366,"bunker_down:airlock_iron_door":2,"minecraft:sweet_berries":9,"minecraft:egg":1,"minecraft:potato":1,"minecraft:deepslate_brick_wall":1,"apocalypsenow:cooked_human_flesh":23,"additionalguns:vector":3416,"minecraft:stone_pickaxe":532,"minecraft:oak_planks":1053,"apocalypsenow:drill":1,"minecraft:wooden_pickaxe":36,"minecraft:white_wool":3,"minecraft:sand":1,"apocalypsenow:iron_grid_door":2,"minecraft:sponge":9,"minecraft:gray_concrete":840,"minecraft:shears":127,"apocalypsenow:coke":1,"waystones:waystone":1,"apocalypsenow:wine":1,"bunker_down:steel_block":2,"minecraft:gray_stained_glass_pane":204,"minecraft:light_gray_concrete":2562,"minecraft:bread":9,"minecraft:melon_slice":4,"minecraft:stone_button":16,"apocalypsenow:nutrition_bar":1,"minecraft:iron_door":14,"minecraft:gravel":1,"mekanismtools:osmium_shovel":276,"minecraft:wooden_sword":74,"minecraft:coarse_dirt":16,"apocalypsenow:lettuce":1,"minecraft:bone_meal":39,"mekanismtools:osmium_chestplate":1,"zombie_extreme:cleaver":266,"minecraft:stone_sword":68,"toughasnails:leaf_helmet":3,"minecraft:flint_and_steel":1,"minecraft:tropical_fish":2,"minecraft:red_concrete":6,"minecraft:dried_kelp":5,"minecraft:spruce_planks":5,"zombie_extreme:canned_food":1,"minecraft:polished_blackstone_wall":2,"minecraft:torch":92,"minecraft:dirt":701,"cgm:workbench":1,"zombie_extreme:bandage":27,"securitycraft:reinforced_gray_stained_glass_pane":210,"apocalypsenow:glass_door":4,"alexsmobs:maggot":1,"minecraft:oak_stairs":2,"minecraft:polished_deepslate_wall":10,"securitycraft:sentry":19,"apocalypsenow:jet_pilot_helmet":1,"minecraft:basalt":22,"zombie_extreme:soda":2,"tombstone:gift":5,"minecraft:cobbled_deepslate_wall":1,"minecraft:wheat_seeds":2,"biomesoplenty:jacaranda_door":4,"minecraft:water_bucket":1,"minecraft:glass_bottle":58,"mekanismtools:osmium_axe":189,"zombie_extreme:chips":2,"minecraft:terracotta":49,"fallout_inspired_power_armor:interior_doorclosed":2,"minecraft:oak_slab":165,"minecraft:crafting_table":5,"mekanismtools:osmium_boots":1,"minecraft:deepslate_tile_wall":57,"mekanismtools:osmium_pickaxe":1816,"minecraft:oak_log":5,"bunker_down:steel_block_slab":2,"minecraft:stripped_jungle_log":4,"tombstone:magic_scroll":1,"zombie_extreme:syringe_drug":1,"toughasnails:leaf_chestplate":1,"zombie_extreme:baseball_bat":2,"minecraft:stone_axe":162,"apocalypsenow:walker_1_spawn_egg":1,"minecraft:fishing_rod":11,"minecraft:cobblestone":13,"minecraft:potion":58,"toughasnails:purified_water_canteen":5,"mekanismtools:osmium_leggings":1,"minecraft:stripped_oak_log":538,"apocalypsenow:large_soda":1},"minecraft:mined":{"minecraft:dark_prismarine_stairs":2,"minecraft:spruce_planks":2,"dtterralith:spruce_short_conifer_leaves":7,"minecraft:grass_block":241,"minecraft:blue_concrete":75,"minecraft:white_concrete":229,"minecraft:oak_pressure_plate":1,"minecraft:smooth_stone":175,"minecraft:iron_ore":53,"minecraft:sticky_piston":2,"minecraft:oak_stairs":2,"minecraft:light_gray_concrete":18,"minecraft:iron_block":1,"mekanism:osmium_ore":67,"projectvibrantjourneys:sea_oats":1,"dtterralith:birch_short_conifer_leaves":23,"minecraft:torch":2,"minecraft:polished_andesite_stairs":50,"mekanism:tin_ore":6,"farmersdelight:cabbages":2,"minecraft:cobblestone":15,"projectvibrantjourneys:fallen_leaves":2,"minecraft:oak_planks":9,"minecraft:wall_torch":3,"minecraft:white_terracotta":9,"minecraft:light_blue_terracotta":8,"farmersdelight:sandy_shrub":1,"minecraft:wheat":3,"minecraft:lilac":1,"bunker_down:steel_block_slab":1,"minecraft:oak_log":5,"minecraft:stone_brick_stairs":172,"minecraft:smooth_stone_slab":414,"minecraft:grass":41,"projectvibrantjourneys:short_grass":40,"minecraft:dirt":38,"minecraft:oak_leaves":5,"biomesoplenty:desert_grass":25,"minecraft:glow_lichen":2,"biomesoplenty:bush":8,"minecraft:polished_andesite_slab":22,"farmersdelight:wild_cabbages":8,"dynamictrees:oak_undergrowth_leaves":4,"minecraft:carrots":3,"bunker_down:steel_vent":2,"minecraft:peony":3,"minecraft:potatoes":5,"biomesoplenty:barley":9,"bunker_down:steel_block":3,"minecraft:stone":349,"minecraft:white_wool":2,"minecraft:pink_terracotta":17,"minecraft:oak_slab":172,"minecraft:gray_concrete":396,"minecraft:glass_pane":3,"minecraft:stone_brick_slab":9,"minecraft:basalt":4,"minecraft:crafting_table":1,"dynamictrees:acacia_leaves":120,"minecraft:stone_slab":1,"minecraft:copper_ore":12,"minecraft:tall_grass":32,"minecraft:red_concrete":196,"minecraft:spruce_stairs":46,"minecraft:coarse_dirt":16,"easy_steel:cassiterite_ore":6,"minecraft:sweet_berry_bush":2,"minecraft:dark_prismarine_slab":5,"minecraft:coal_ore":37,"minecraft:cobweb":4,"minecraft:terracotta":2,"minecraft:fern":2}},"DataVersion":3120}