{"stats":{"minecraft:used":{"farmersdelight:bacon_and_eggs":8,"apocalypsenow:soldier_helmet":1,"additionalguns:desert_eagle":24,"mysticalagriculture:imperium_sword":7,"minecraft:wooden_pickaxe":7,"minecraft:shield":4,"minecraft:zombie_spawn_egg":4,"minecraft:diamond_sword":4,"minecraft:wooden_sword":17,"minecraft:lingering_potion":62},"minecraft:crafted":{"minecraft:cobblestone_slab":6},"minecraft:broken":{"apocalypsenow:soldier_helmet":1},"minecraft:dropped":{"farmersdelight:bacon_and_eggs":2},"minecraft:killed":{"minecraft:zombie":6,"zombie_extreme:infected_military":1,"apocalypsenow:looter_1":3,"apocalypsenow:runner_44":1,"minecraft:spider":1,"alexsmobs:fly":1,"apocalypsenow:military_medic":1,"female_zombie_:female_zombie":1,"apocalypsenow:runner_35":1,"minecraft:creeper":1},"minecraft:picked_up":{"minecraft:bowl":1,"farmersdelight:bacon_and_eggs":1,"minecraft:rotten_flesh":4,"minecraft:wheat_seeds":1,"mysticalagriculture:inferium_essence":1,"apocalypsenow:soldier_helmet":1,"minecraft:cobblestone":7},"minecraft:mined":{"minecraft:grass":1,"projectvibrantjourneys:twigs":1,"projectvibrantjourneys:short_grass":1,"minecraft:cobblestone":7},"minecraft:custom":{"minecraft:time_since_rest":2887,"minecraft:sprint_one_cm":66190,"minecraft:damage_taken":1451,"minecraft:walk_one_cm":63643,"minecraft:damage_blocked_by_shield":233,"minecraft:mob_kills":17,"minecraft:drop":2,"minecraft:damage_dealt":906,"minecraft:interact_with_crafting_table":1,"minecraft:fly_one_cm":65361,"minecraft:open_chest":7,"minecraft:crouch_one_cm":248,"minecraft:deaths":1,"minecraft:play_time":33232,"tombstone:undead_killed":9,"minecraft:sneak_time":280,"minecraft:walk_under_water_one_cm":9635,"minecraft:jump":322,"minecraft:leave_game":1,"minecraft:time_since_death":3943,"minecraft:walk_on_water_one_cm":603,"minecraft:climb_one_cm":48392,"minecraft:total_world_time":33232,"minecraft:fall_one_cm":5527}},"DataVersion":3120}