{"stats":{"minecraft:mined":{"minecraft:spruce_planks":3,"mekanism:osmium_ore":23,"minecraft:mossy_cobblestone":4,"projectvibrantjourneys:rocks":1,"projectvibrantjourneys:twigs":1,"minecraft:grass_block":1,"minecraft:light_gray_bed":1,"minecraft:cobblestone":30,"minecraft:stripped_spruce_wood":14,"minecraft:iron_ore":69,"minecraft:grass":4,"projectvibrantjourneys:short_grass":1,"minecraft:coal_ore":33,"minecraft:light_gray_concrete":24,"minecraft:stone":34},"minecraft:dropped":{"minecraft:bowl":3,"minecraft:wooden_sword":1,"farmersdelight:bacon_and_eggs":2,"minecraft:wooden_pickaxe":1},"minecraft:crafted":{"minecraft:cobblestone_slab":6,"minecraft:crafting_table":2,"minecraft:spruce_planks":52,"mekanism:ingot_osmium":14,"minecraft:wooden_pickaxe":1,"minecraft:spruce_door":3,"mekanismtools:osmium_chestplate":1,"minecraft:furnace":1,"minecraft:stone_axe":1,"minecraft:iron_boots":1,"minecraft:stone_pickaxe":1,"minecraft:iron_pickaxe":1,"minecraft:stick":8,"minecraft:iron_ingot":56,"minecraft:iron_leggings":1,"mekanismtools:osmium_helmet":1,"cgm:workbench":1},"minecraft:custom":{"minecraft:interact_with_furnace":19,"minecraft:mob_kills":79,"minecraft:interact_with_crafting_table":21,"minecraft:time_since_death":0,"minecraft:leave_game":5,"minecraft:climb_one_cm":164510,"minecraft:time_since_rest":0,"minecraft:sprint_one_cm":179564,"minecraft:damage_taken":6015,"minecraft:walk_one_cm":251816,"minecraft:damage_blocked_by_shield":2443,"minecraft:drop":7,"minecraft:damage_dealt":5223,"minecraft:fly_one_cm":161443,"minecraft:swim_one_cm":62,"minecraft:open_chest":9,"minecraft:crouch_one_cm":1679,"minecraft:play_time":135714,"tombstone:undead_killed":64,"minecraft:deaths":13,"minecraft:sneak_time":1042,"minecraft:walk_under_water_one_cm":22091,"minecraft:jump":1250,"minecraft:walk_on_water_one_cm":3950,"minecraft:total_world_time":135714,"minecraft:fall_one_cm":19762},"minecraft:picked_up":{"minecraft:wooden_pickaxe":1,"minecraft:stripped_spruce_wood":14,"minecraft:dirt":1,"minecraft:lantern":2,"minecraft:wooden_sword":1,"minecraft:bone":38,"minecraft:bow":2,"minecraft:wheat_seeds":1,"mysticalagriculture:inferium_essence":14,"minecraft:spruce_planks":7,"minecraft:tipped_arrow":18,"minecraft:raw_iron":68,"minecraft:bowl":3,"scorchedguns:scattergun":1,"tombstone:grave_dust":7,"mekanism:raw_osmium":23,"minecraft:spruce_door":1,"minecraft:mossy_cobblestone":4,"farmersdelight:bacon_and_eggs":1,"minecraft:rotten_flesh":7,"minecraft:light_gray_bed":1,"minecraft:light_gray_concrete":24,"minecraft:arrow":40,"apocalypsenow:soldier_helmet":1,"tombstone:essence_of_undeath":1,"tombstone:magic_scroll":1,"minecraft:coal":33,"minecraft:snowball":7,"minecraft:cobblestone":61},"minecraft:broken":{"minecraft:stone_pickaxe":1,"apocalypsenow:soldier_helmet":1,"minecraft:shield":1,"minecraft:stone_axe":1,"minecraft:leather_boots":1},"minecraft:killed_by":{"minecraft:skeleton":2,"minecraft:stray":1,"minecraft:creeper":1,"mekanismadditions:baby_stray":4,"apocalypsenow:runner_43":1,"apocalypsenow:looter_1":1,"apocalypsenow:runner_37":1},"minecraft:used":{"minecraft:spruce_door":2,"mysticalagriculture:imperium_sword":7,"minecraft:stone_pickaxe":133,"minecraft:shield":100,"minecraft:spruce_planks":30,"minecraft:wooden_pickaxe":21,"minecraft:zombie_spawn_egg":4,"minecraft:mossy_cobblestone":4,"cgm:workbench":1,"minecraft:crafting_table":2,"minecraft:lingering_potion":63,"minecraft:milk_bucket":3,"farmersdelight:bacon_and_eggs":18,"apocalypsenow:soldier_helmet":1,"additionalguns:desert_eagle":49,"minecraft:lantern":1,"mekanismtools:osmium_helmet":1,"minecraft:iron_pickaxe":71,"scorchedguns:scattergun":39,"minecraft:iron_boots":1,"minecraft:wooden_sword":54,"minecraft:diamond_sword":4,"minecraft:stone_axe":71,"minecraft:cobblestone":37,"minecraft:bow":41,"minecraft:furnace":1,"tombstone:gift":2,"minecraft:light_gray_bed":1,"mekanismtools:osmium_chestplate":1,"minecraft:splash_potion":18,"minecraft:iron_leggings":1},"minecraft:killed":{"zombie_extreme:infected_military":1,"apocalypsenow:looter_1":4,"minecraft:spider":1,"mekanismadditions:baby_stray":4,"apocalypsenow:runner_39":1,"apocalypsenow:runner_35":1,"minecraft:creeper":1,"apocalypsenow:walker_26":2,"minecraft:skeleton":2,"apocalypsenow:walker_27":2,"minecraft:zombie":6,"apocalypsenow:walker_15":2,"apocalypsenow:runner_44":2,"apocalypsenow:runner_41":2,"apocalypsenow:runner_42":2,"minecraft:stray":34,"alexsmobs:fly":1,"apocalypsenow:military_medic":1,"apocalypsenow:runner_38":1,"female_zombie_:female_zombie":1,"apocalypsenow:runner_51":1,"apocalypsenow:runner_34":1}},"DataVersion":3120}