{"stats":{"minecraft:dropped":{"apocalypsenow:human_flesh":10,"minecraft:oak_slab":2,"minecraft:golden_helmet":4,"apocalypsenow:contamination_suit_green_chestplate":2,"minecraft:iron_helmet":1,"zombie_extreme:cash_register":2,"zombie_extreme:crowbar":1,"zombie_extreme:rotten_apple":2,"minecraft:dirt":16,"zombie_extreme:soda_used":2,"firstaid:bandage":9,"mca:book_romance":1,"minecraft:wooden_axe":1,"zombie_extreme:wooden_barricades":2,"minecraft:iron_door":1,"tombstone:grave_dust":5,"apocalypsenow:bulletproof_vest_chestplate":1,"minecraft:redstone":1,"minecraft:armor_stand":4,"minecraft:oak_door":1,"minecraft:gravel":9,"minecraft:white_carpet":5,"minecraft:rotten_flesh":84,"minecraft:light_gray_concrete":1,"zombie_extreme:bandage":13,"minecraft:bundle":1,"minecraft:spider_eye":3,"minecraft:honey_block":1,"mysticalagriculture:inferium_essence":10,"minecraft:golden_leggings":3,"minecraft:stone_bricks":4,"zombie_extreme:cat_food":1},"minecraft:custom":{"minecraft:mob_kills":75,"minecraft:interact_with_crafting_table":23,"minecraft:leave_game":2,"minecraft:time_since_death":8656,"minecraft:climb_one_cm":12713,"minecraft:sprint_one_cm":253532,"minecraft:walk_one_cm":451169,"minecraft:damage_blocked_by_shield":130,"minecraft:drop":73,"minecraft:play_time":177678,"minecraft:deaths":28,"minecraft:sneak_time":2905,"minecraft:walk_under_water_one_cm":4353,"minecraft:jump":1363,"minecraft:interact_with_blast_furnace":21,"minecraft:walk_on_water_one_cm":6867,"minecraft:total_world_time":177678,"minecraft:interact_with_furnace":9,"minecraft:interact_with_cartography_table":2,"minecraft:sleep_in_bed":7,"minecraft:time_since_rest":8394,"minecraft:damage_taken":6650,"minecraft:swim_one_cm":1367,"minecraft:damage_dealt":12165,"minecraft:fly_one_cm":288968,"minecraft:player_kills":1,"minecraft:open_chest":26,"minecraft:crouch_one_cm":5120,"tombstone:undead_killed":54,"minecraft:fall_one_cm":19616},"minecraft:killed_by":{"female_zombie_:female_zombie":1,"minecraft:player":2,"apocalypsenow:runner_47":1,"zombie_extreme:night_hunter":6,"mca:male_villager":1,"apocalypsenow:walker_16":1,"minecraft:creeper":1,"minecraft:bee":1,"mekanismadditions:baby_skeleton":1,"minecraft:zombie":2,"apocalypsenow:runner_40":1,"apocalypsenow:runner_44":1,"apocalypsenow:runner_45":1,"apocalypsenow:runner_41":1,"minecraft:cow":1},"minecraft:broken":{"minecraft:wooden_pickaxe":1,"minecraft:stone_pickaxe":1,"minecraft:stone_axe":1},"minecraft:killed":{"zombie_extreme:night_hunter":3,"apocalypsenow:looter_1":4,"apocalypsenow:crawler_4":4,"apocalypsenow:runner_49":1,"apocalypsenow:runner_37":1,"apocalypsenow:walker_1":1,"minecraft:spider":2,"apocalypsenow:walker_29":1,"apocalypsenow:runner_39":2,"apocalypsenow:walker_3":1,"apocalypsenow:walker_14":2,"minecraft:skeleton":1,"apocalypsenow:walker_25":1,"minecraft:bee":4,"zombie_extreme:ram":1,"apocalypsenow:runner_41":1,"apocalypsenow:runner_46":1,"apocalypsenow:runner_45":1,"apocalypsenow:walker_33":1,"apocalypsenow:runner_38":1,"apocalypsenow:runner_34":1,"apocalypsenow:walker_8":2,"apocalypsenow:walker_4":1,"apocalypsenow:walker_30":2,"zombie_extreme:infected_military":1,"zombie_extreme:infected":2,"apocalypsenow:runner_40":1,"apocalypsenow:runner_52":1,"apocalypsenow:walker_11":1,"apocalypsenow:walker_7":1,"apocalypsenow:runner_50":3,"apocalypsenow:runner_54":2,"apocalypsenow:walker_32":1,"apocalypsenow:walker_12":1,"apocalypsenow:walker_16":1,"minecraft:zombie":2,"apocalypsenow:runner_48":1,"apocalypsenow:walker_17":1,"apocalypsenow:runner_44":4,"apocalypsenow:runner_43":1,"apocalypsenow:runner_47":2,"apocalypsenow:runner_36":1,"apocalypsenow:walker_24":2,"female_zombie_:female_zombie":1,"apocalypsenow:runner_51":2,"apocalypsenow:walker_31":1,"apocalypsenow:runner_55":2,"apocalypsenow:walker_6":1},"minecraft:crafted":{"minecraft:oak_planks":64,"zombie_extreme:bandage":4,"mekanism:ingot_osmium":34,"minecraft:furnace":1,"k_turrets:titanium_ingot":15,"sulfurpotassiummod:potassium":14,"minecraft:stone_pickaxe":1,"minecraft:chest":2,"cgm:workbench":1,"minecraft:crafting_table":3,"minecraft:wooden_pickaxe":1,"minecraft:birch_planks":52,"minecraft:stone_axe":2,"minecraft:iron_pickaxe":1,"minecraft:iron_ingot":30,"minecraft:stick":4,"minecraft:wooden_axe":1,"minecraft:torch":28},"minecraft:mined":{"minecraft:tuff":1,"minecraft:white_bed":1,"minecraft:oak_door":1,"projectvibrantjourneys:rocks":1,"mekanism:deepslate_osmium_ore":4,"minecraft:grass_block":1,"minecraft:redstone_wire":1,"zombie_extreme:cash_register":2,"zombie_extreme:wooden_barricades":4,"minecraft:iron_ore":18,"minecraft:andesite":105,"projectvibrantjourneys:bark_mushroom":1,"minecraft:deepslate_iron_ore":13,"minecraft:light_gray_concrete":42,"minecraft:packed_ice":2,"sulfurpotassiummod:potassium_ore":14,"minecraft:stone":89,"zombie_extreme:deepslate_aluminum":5,"minecraft:white_wool":26,"mekanism:osmium_ore":32,"minecraft:glass_pane":2,"minecraft:red_wool":2,"minecraft:crafting_table":1,"minecraft:torch":1,"minecraft:honey_block":3,"minecraft:blast_furnace":1,"minecraft:chest":1,"minecraft:copper_ore":8,"zombie_extreme:barbed_fence":2,"minecraft:cobblestone":18,"minecraft:tall_grass":5,"minecraft:honeycomb_block":3,"projectvibrantjourneys:fallen_leaves":1,"minecraft:oak_planks":2,"minecraft:iron_door":1,"minecraft:wall_torch":2,"minecraft:white_terracotta":14,"projectvibrantjourneys:light_brown_bark_mushroom":1,"minecraft:birch_log":1,"minecraft:wheat":1,"minecraft:white_carpet":6,"minecraft:bee_nest":1,"k_turrets:titanium_ore":24,"minecraft:grass":16,"projectvibrantjourneys:birch_hollow_log":5,"minecraft:coal_ore":24,"minecraft:oak_log":13,"projectvibrantjourneys:short_grass":6,"minecraft:gravel":18,"minecraft:dirt":6,"minecraft:cobweb":3,"minecraft:stone_bricks":2,"projectvibrantjourneys:oak_hollow_log":4,"minecraft:deepslate":16},"minecraft:picked_up":{"zombie_extreme:wooden_barricades":4,"minecraft:wheat":3,"apocalypsenow:bombsquad_boots":1,"minecraft:raw_copper":27,"minecraft:string":5,"minecraft:moss_carpet":3,"minecraft:armor_stand":4,"minecraft:white_carpet":5,"minecraft:experience_bottle":1,"mysticalagriculture:inferium_essence":17,"minecraft:black_glazed_terracotta":1,"minecraft:chest":1,"minecraft:golden_helmet":4,"zombie_extreme:raw_aluminum":5,"minecraft:raw_iron":30,"minecraft:stick":22,"sulfurpotassiummod:raw_potassium":14,"minecraft:oak_door":2,"zombie_extreme:soda_used":1,"minecraft:torch":4,"minecraft:honeycomb_block":3,"tombstone:grave_dust":7,"minecraft:redstone":1,"apocalypsenow:contamination_suit_green_chestplate":1,"apocalypsenow:bombsquad_chestplate":1,"minecraft:rotten_flesh":96,"zombie_extreme:bandage":3,"zombie_extreme:cash_register":2,"k_turrets:raw_titanium":20,"minecraft:hay_block":1,"zombie_extreme:rotten_apple":2,"minecraft:white_terracotta":14,"minecraft:white_wool":26,"minecraft:cobblestone":112,"minecraft:birch_log":8,"minecraft:iron_door":2,"minecraft:andesite":105,"minecraft:golden_leggings":3,"projectvibrantjourneys:birch_hollow_log":5,"minecraft:flint":3,"minecraft:oak_log":14,"projectvibrantjourneys:oak_hollow_log":4,"zombie_extreme:crowbar":1,"minecraft:dirt":16,"minecraft:stone_bricks":6,"apocalypsenow:human_flesh":4,"minecraft:wheat_seeds":26,"zombie_extreme:barbed_fence":2,"dynamictrees:birch_seed":3,"minecraft:oak_planks":3,"minecraft:oak_slab":2,"minecraft:red_wool":2,"minecraft:dandelion":1,"minecraft:gravel":27,"minecraft:spider_eye":3,"mekanism:raw_osmium":37,"minecraft:blast_furnace":1,"minecraft:white_bed":1,"minecraft:spruce_log":4,"minecraft:bundle":3,"minecraft:light_gray_concrete":42,"minecraft:honey_block":3,"tombstone:magic_scroll":1,"minecraft:coal":22},"minecraft:used":{"zombie_extreme:barbed_fence":2,"minecraft:stone_sword":157,"minecraft:chest":3,"minecraft:shield":11,"zombie_extreme:wooden_barricades":2,"minecraft:oak_door":1,"minecraft:torch":31,"minecraft:spyglass":9,"cgm:workbench":1,"bunker_down:brittle_pickaxe":5,"zombie_extreme:bandage":7,"minecraft:wooden_axe":3,"minecraft:honey_block":2,"minecraft:red_wool":2,"minecraft:oak_stairs":4,"dynamictrees:birch_seed":3,"minecraft:hay_block":1,"zombie_extreme:soda":1,"tombstone:gift":4,"minecraft:stone_pickaxe":131,"minecraft:wooden_pickaxe":58,"zombie_extreme:chips":2,"zombie_extreme:crowbar":103,"minecraft:crafting_table":3,"minecraft:blast_furnace":1,"minecraft:white_bed":1,"minecraft:apple":3,"minecraft:gravel":3,"minecraft:bread":17,"minecraft:map":1,"minecraft:iron_pickaxe":260,"minecraft:iron_door":1,"minecraft:golden_leggings":1,"minecraft:stone_axe":85,"minecraft:wooden_sword":25,"minecraft:cobblestone":2,"minecraft:andesite":6,"minecraft:cobweb":2,"minecraft:experience_bottle":1}},"DataVersion":3120}