{"stats":{"minecraft:mined":{"minecraft:spruce_planks":3,"mekanism:osmium_ore":9,"minecraft:mossy_cobblestone":1,"projectvibrantjourneys:rocks":1,"projectvibrantjourneys:twigs":1,"minecraft:cobblestone":25,"minecraft:stripped_spruce_wood":14,"minecraft:iron_ore":16,"minecraft:coal_ore":33,"minecraft:grass":4,"projectvibrantjourneys:short_grass":1,"minecraft:stone":29},"minecraft:dropped":{"minecraft:bowl":3,"farmersdelight:bacon_and_eggs":2,"minecraft:wooden_pickaxe":1},"minecraft:crafted":{"minecraft:cobblestone_slab":6,"minecraft:crafting_table":2,"mekanism:ingot_osmium":5,"minecraft:spruce_planks":52,"minecraft:wooden_pickaxe":1,"minecraft:spruce_door":3,"minecraft:furnace":1,"minecraft:stone_axe":1,"minecraft:stick":8,"minecraft:stone_pickaxe":1,"minecraft:iron_ingot":1,"mekanismtools:osmium_helmet":1},"minecraft:custom":{"minecraft:interact_with_furnace":4,"minecraft:mob_kills":31,"minecraft:interact_with_crafting_table":7,"minecraft:leave_game":3,"minecraft:time_since_death":41744,"minecraft:climb_one_cm":97983,"minecraft:time_since_rest":40855,"minecraft:sprint_one_cm":118912,"minecraft:damage_taken":3343,"minecraft:walk_one_cm":146698,"minecraft:damage_blocked_by_shield":523,"minecraft:drop":6,"minecraft:damage_dealt":1469,"minecraft:fly_one_cm":106595,"minecraft:open_chest":7,"minecraft:crouch_one_cm":1570,"minecraft:sneak_time":1014,"minecraft:play_time":85829,"tombstone:undead_killed":22,"minecraft:deaths":4,"minecraft:walk_under_water_one_cm":12674,"minecraft:jump":703,"minecraft:walk_on_water_one_cm":909,"minecraft:total_world_time":85829,"minecraft:fall_one_cm":14204},"minecraft:picked_up":{"minecraft:wooden_pickaxe":1,"minecraft:stripped_spruce_wood":14,"minecraft:lantern":2,"minecraft:bone":8,"minecraft:bow":1,"minecraft:wheat_seeds":1,"mysticalagriculture:inferium_essence":2,"minecraft:spruce_planks":3,"minecraft:tipped_arrow":2,"minecraft:raw_iron":16,"minecraft:bowl":3,"tombstone:grave_dust":2,"minecraft:mossy_cobblestone":1,"mekanism:raw_osmium":9,"farmersdelight:bacon_and_eggs":1,"minecraft:arrow":12,"minecraft:rotten_flesh":4,"apocalypsenow:soldier_helmet":1,"minecraft:coal":33,"minecraft:snowball":7,"minecraft:cobblestone":51},"minecraft:broken":{"apocalypsenow:soldier_helmet":1,"minecraft:leather_boots":1},"minecraft:killed_by":{"apocalypsenow:runner_43":1,"apocalypsenow:looter_1":1,"apocalypsenow:runner_37":1},"minecraft:used":{"minecraft:spruce_door":1,"mysticalagriculture:imperium_sword":7,"minecraft:stone_pickaxe":100,"minecraft:wooden_pickaxe":21,"minecraft:spruce_planks":25,"minecraft:shield":14,"minecraft:zombie_spawn_egg":4,"minecraft:crafting_table":2,"minecraft:lingering_potion":63,"minecraft:milk_bucket":3,"farmersdelight:bacon_and_eggs":15,"apocalypsenow:soldier_helmet":1,"additionalguns:desert_eagle":49,"minecraft:lantern":1,"mekanismtools:osmium_helmet":1,"minecraft:stone_axe":17,"minecraft:diamond_sword":4,"minecraft:wooden_sword":23,"minecraft:cobblestone":30,"minecraft:furnace":1,"tombstone:gift":2,"minecraft:splash_potion":18},"minecraft:killed":{"zombie_extreme:infected_military":1,"apocalypsenow:looter_1":4,"minecraft:spider":1,"apocalypsenow:runner_39":1,"apocalypsenow:runner_35":1,"minecraft:creeper":1,"minecraft:skeleton":1,"minecraft:zombie":6,"apocalypsenow:runner_41":2,"apocalypsenow:runner_42":2,"minecraft:stray":4,"apocalypsenow:runner_44":2,"apocalypsenow:military_medic":1,"alexsmobs:fly":1,"female_zombie_:female_zombie":1,"apocalypsenow:runner_51":1,"apocalypsenow:runner_34":1}},"DataVersion":3120}