{"stats":{"minecraft:killed":{"apocalypsenow:walker_19":1,"apocalypsenow:looter_1":2,"apocalypsenow:runner_49":1,"apocalypsenow:walker_1":2,"minecraft:spider":1,"zombie_extreme:infected_juggernaut":1,"apocalypsenow:walker_29":1,"apocalypsenow:runner_39":1,"apocalypsenow:runner_35":1,"apocalypsenow:horde_2":1,"apocalypsenow:walker_3":2,"zombie_extreme:divided":1,"minecraft:skeleton":3,"apocalypsenow:walker_25":1,"apocalypsenow:runner_41":1,"apocalypsenow:runner_46":2,"apocalypsenow:runner_45":2,"apocalypsenow:runner_53":3,"apocalypsenow:runner_38":1,"apocalypsenow:walker_22":1,"apocalypsenow:runner_34":4,"zombie_extreme:runner":1,"apocalypsenow:walker_8":1,"apocalypsenow:walker_4":3,"apocalypsenow:walker_30":1,"zombie_extreme:crawler":2,"apocalypsenow:walker_20":1,"zombie_extreme:boomer":1,"zombie_extreme:infected_military":1,"zombie_extreme:infected":2,"apocalypsenow:runner_40":4,"apocalypsenow:walker_9":3,"apocalypsenow:runner_52":1,"apocalypsenow:walker_23":1,"apocalypsenow:runner_50":2,"apocalypsenow:runner_54":3,"apocalypsenow:walker_32":1,"kevin_trophy:blister_zombie":1,"apocalypsenow:walker_27":2,"kevin_trophy:crawler_zombie":1,"minecraft:zombie":3,"apocalypsenow:walker_12":1,"apocalypsenow:walker_13":1,"apocalypsenow:runner_48":1,"apocalypsenow:walker_17":1,"apocalypsenow:runner_43":3,"apocalypsenow:runner_47":1,"apocalypsenow:runner_44":1,"apocalypsenow:looter_4":1,"zombie_extreme:devastated":1,"apocalypsenow:runner_36":2,"alexsmobs:fly":1,"apocalypsenow:walker_24":2,"apocalypsenow:walker_28":3,"apocalypsenow:runner_51":1,"apocalypsenow:runner_55":1,"apocalypsenow:walker_2":2,"minecraft:cow":2},"minecraft:dropped":{"bunker_down:steel_vent":1,"apocalypsenow:human_flesh":1,"minecraft:piston":10,"minecraft:birch_planks":1,"minecraft:wheat_seeds":6,"minecraft:lilac":1,"mekanismtools:osmium_boots":1,"minecraft:glass_bottle":1,"minecraft:cookie":1,"minecraft:cobblestone":11,"mekanismtools:osmium_helmet":1,"apocalypsenow:antibiotics":1,"sophisticatedbackpacks:gold_backpack":1,"minecraft:dirt":13,"zombie_extreme:soda_used":6,"tconstruct:materials_and_you":1,"minecraft:golden_carrot":4,"minecraft:sponge":3,"apocalypsenow:bandage":1,"toughasnails:leaf_boots":2,"alexsmobs:serrated_shark_tooth":1,"tombstone:grave_dust":4,"minecraft:potion":1,"mekanism:raw_osmium":32,"toughasnails:leaf_helmet":2,"toughasnails:leaf_leggings":2,"minecraft:fermented_spider_eye":1,"apocalypsenow:glassbottle":1,"minecraft:moss_carpet":1,"alexsmobs:maggot":1,"toughasnails:leaf_chestplate":2,"minecraft:raw_iron":30,"minecraft:rotten_flesh":18,"minecraft:oak_planks":2,"apocalypsenow:bloodybandages":1,"minecraft:white_terracotta":1,"zombie_extreme:bandage":19,"mekanismtools:osmium_chestplate":1,"mysticalagriculture:inferium_essence":13,"minecraft:quartz_stairs":1,"biomesoplenty:wildflower":5,"apocalypsenow:cooked_human_flesh":2,"minecraft:arrow":1,"minecraft:wooden_pickaxe":1,"mekanismtools:osmium_leggings":1,"minecraft:stone_brick_stairs":2,"ava:shotgun_ammo":1},"minecraft:broken":{"toughasnails:leaf_leggings":1,"toughasnails:leaf_boots":1,"toughasnails:leaf_chestplate":1,"minecraft:stone_pickaxe":3,"minecraft:wooden_sword":1,"minecraft:leather_boots":1,"toughasnails:leaf_helmet":1},"minecraft:custom":{"minecraft:mob_kills":97,"minecraft:interact_with_crafting_table":21,"minecraft:open_barrel":1,"minecraft:leave_game":1,"minecraft:time_since_death":3222,"minecraft:climb_one_cm":3720,"minecraft:sprint_one_cm":201706,"minecraft:walk_one_cm":562921,"minecraft:damage_blocked_by_shield":160,"minecraft:drop":101,"minecraft:damage_dealt_absorbed":120,"minecraft:play_time":224267,"minecraft:deaths":40,"minecraft:sneak_time":5953,"minecraft:walk_under_water_one_cm":33506,"minecraft:jump":1640,"minecraft:walk_on_water_one_cm":92638,"minecraft:total_world_time":224267,"minecraft:interact_with_furnace":37,"minecraft:sleep_in_bed":2,"minecraft:time_since_rest":1665,"minecraft:waystone_activated":1,"minecraft:damage_taken":14276,"tombstone:sneak_grave":1,"minecraft:damage_dealt":14134,"minecraft:fly_one_cm":176063,"minecraft:swim_one_cm":66988,"minecraft:open_chest":70,"minecraft:crouch_one_cm":10638,"tombstone:undead_killed":77,"minecraft:interact_with_smoker":1,"minecraft:fall_one_cm":23407},"minecraft:crafted":{"minecraft:oak_planks":44,"zombie_extreme:bandage":2,"mekanism:ingot_osmium":32,"mekanismtools:osmium_chestplate":2,"minecraft:bone_meal":6,"minecraft:stone_pickaxe":5,"mekanismtools:osmium_boots":1,"minecraft:chest":1,"easy_steel:tin_ingot":6,"mekanismtools:osmium_helmet":1,"mekanism:ingot_tin":6,"minecraft:crafting_table":2,"minecraft:wooden_pickaxe":1,"minecraft:copper_ingot":55,"mekanismtools:osmium_leggings":1,"minecraft:birch_planks":4,"minecraft:stone_axe":1,"minecraft:stick":8,"minecraft:iron_ingot":50,"apocalypsenow:cooked_human_flesh":22,"minecraft:torch":4},"minecraft:killed_by":{"minecraft:player":1,"apocalypsenow:runner_34":2,"minecraft:creeper":1,"minecraft:spider":1,"apocalypsenow:runner_36":1,"zombie_extreme:runner":1,"apocalypsenow:runner_42":1,"apocalypsenow:runner_53":1,"apocalypsenow:runner_46":1,"apocalypsenow:runner_50":1,"zombie_extreme:infected_military":2,"minecraft:skeleton":1,"apocalypsenow:runner_51":1,"minecraft:zombie":3,"apocalypsenow:walker_4":1,"apocalypsenow:runner_40":3,"apocalypsenow:runner_52":1,"mowziesmobs:naga":1},"minecraft:picked_up":{"sophisticatedbackpacks:gold_backpack":1,"minecraft:charcoal":2,"minecraft:crafting_table":2,"minecraft:coarse_dirt":2,"minecraft:wheat":2,"apocalypsenow:bloodybandages":1,"minecraft:wooden_pickaxe":2,"minecraft:enchanted_book":1,"tombstone:grave_key":1,"minecraft:shield":1,"zombie_extreme:baseball_bat":1,"minecraft:stone_brick_stairs":2,"ava:shotgun_ammo":1,"minecraft:string":2,"minecraft:moss_carpet":1,"minecraft:raw_copper":55,"minecraft:oak_sign":1,"alexsmobs:serrated_shark_tooth":1,"mysticalagriculture:inferium_essence":14,"farmersdelight:cabbage":4,"minecraft:spruce_planks":7,"minecraft:iron_nugget":7,"biomesoplenty:wildflower":3,"farmersdelight:cabbage_seeds":19,"minecraft:egg":1,"minecraft:stick":37,"minecraft:raw_iron":49,"zombie_extreme:soda_used":5,"minecraft:torch":5,"tombstone:grave_dust":2,"minecraft:redstone":25,"mekanism:raw_tin":6,"minecraft:arrow":1,"minecraft:rotten_flesh":59,"minecraft:peony":2,"apocalypsenow:jet_pilot_helmet":1,"minecraft:iron_block":1,"easy_steel:raw_tin":6,"minecraft:white_terracotta":2,"apocalypsenow:wine":1,"minecraft:white_wool":5,"minecraft:cobblestone":400,"minecraft:sponge":2,"minecraft:birch_log":5,"minecraft:feather":1,"minecraft:lilac":1,"minecraft:leather":1,"bunker_down:steel_vent":2,"minecraft:flint":2,"minecraft:oak_log":23,"mca:book_romance":1,"minecraft:dirt":105,"tombstone:gift":1,"bunker_down:steel_block":1,"minecraft:bone":2,"minecraft:wheat_seeds":13,"apocalypsenow:human_flesh":9,"ava:fg42_dreamcatcher":1,"ava:sniper_ammo":17,"zombie_extreme:cloth":2,"minecraft:glass_bottle":2,"minecraft:oak_planks":12,"zombie_extreme:syringe_drug":1,"minecraft:sweet_berries":6,"minecraft:sand":1,"mekanism:raw_osmium":57,"minecraft:spider_eye":1,"bunker_down:steel_block_slab":2,"zombie_extreme:vodka":1,"mowziesmobs:naga_fang":2,"minecraft:light_gray_concrete":2,"minecraft:sugar":1,"minecraft:stone_axe":1,"alexsmobs:maggot":2,"tombstone:magic_scroll":1,"minecraft:coal":27},"minecraft:mined":{"minecraft:spruce_planks":2,"dtterralith:spruce_short_conifer_leaves":7,"biomesoplenty:bush":4,"minecraft:grass_block":3,"farmersdelight:wild_cabbages":8,"dynamictrees:oak_undergrowth_leaves":4,"minecraft:iron_ore":53,"minecraft:sticky_piston":2,"bunker_down:steel_vent":2,"minecraft:light_gray_concrete":2,"minecraft:iron_block":1,"biomesoplenty:barley":9,"bunker_down:steel_block":3,"minecraft:stone":349,"minecraft:white_wool":1,"mekanism:osmium_ore":59,"minecraft:glass_pane":2,"projectvibrantjourneys:sea_oats":1,"dtterralith:birch_short_conifer_leaves":23,"minecraft:basalt":4,"minecraft:crafting_table":1,"minecraft:torch":2,"mekanism:tin_ore":6,"minecraft:stone_slab":1,"farmersdelight:cabbages":2,"minecraft:tall_grass":23,"minecraft:copper_ore":12,"projectvibrantjourneys:fallen_leaves":1,"minecraft:wall_torch":3,"minecraft:white_terracotta":1,"farmersdelight:sandy_shrub":1,"easy_steel:cassiterite_ore":6,"minecraft:wheat":2,"minecraft:sweet_berry_bush":2,"minecraft:lilac":1,"bunker_down:steel_block_slab":1,"minecraft:grass":26,"minecraft:coal_ore":37,"projectvibrantjourneys:short_grass":15,"minecraft:dirt":5,"minecraft:cobweb":1,"minecraft:fern":2},"minecraft:used":{"minecraft:stone_sword":25,"zombie_extreme:cleaver":266,"minecraft:tropical_fish":2,"minecraft:red_concrete":6,"minecraft:dried_kelp":5,"farmersdelight:cabbage_seeds":9,"minecraft:spruce_planks":5,"minecraft:chest":1,"minecraft:shield":9,"zombie_extreme:canned_food":1,"farmersdelight:cabbage":2,"minecraft:rotten_flesh":12,"minecraft:torch":11,"minecraft:dirt":7,"zombie_extreme:bandage":15,"minecraft:milk_bucket":1,"alexsmobs:maggot":1,"minecraft:bricks":34,"apocalypsenow:harpoon":24,"minecraft:basalt":22,"apocalypsenow:jet_pilot_helmet":1,"minecraft:sweet_berries":9,"zombie_extreme:soda":2,"tombstone:gift":5,"minecraft:wheat_seeds":2,"minecraft:water_bucket":1,"apocalypsenow:cooked_human_flesh":16,"minecraft:glass_bottle":49,"minecraft:stone_pickaxe":506,"minecraft:oak_planks":11,"minecraft:wooden_pickaxe":36,"zombie_extreme:chips":2,"minecraft:white_wool":2,"minecraft:sand":1,"minecraft:crafting_table":2,"minecraft:sponge":9,"minecraft:oak_log":5,"apocalypsenow:wine":1,"bunker_down:steel_block":2,"bunker_down:steel_block_slab":2,"minecraft:light_gray_concrete":2,"minecraft:melon_slice":4,"minecraft:bread":9,"minecraft:stone_axe":97,"minecraft:wooden_sword":74,"minecraft:cobblestone":13,"minecraft:potion":49,"mekanismtools:osmium_chestplate":1,"minecraft:bone_meal":6}},"DataVersion":3120}