{"stats":{"minecraft:killed":{"apocalypsenow:walker_30":1,"apocalypsenow:crawler_4":1,"apocalypsenow:runner_37":1,"apocalypsenow:walker_11":1,"apocalypsenow:runner_39":1,"apocalypsenow:runner_50":2,"apocalypsenow:walker_32":1,"minecraft:bee":3,"apocalypsenow:runner_43":1,"apocalypsenow:runner_47":1,"apocalypsenow:runner_44":1,"apocalypsenow:walker_24":1,"female_zombie_:female_zombie":1},"minecraft:custom":{"minecraft:mob_kills":16,"minecraft:interact_with_crafting_table":5,"minecraft:interact_with_cartography_table":2,"minecraft:leave_game":2,"minecraft:time_since_death":0,"minecraft:sleep_in_bed":2,"minecraft:climb_one_cm":10225,"minecraft:time_since_rest":0,"minecraft:sprint_one_cm":79722,"minecraft:damage_taken":2123,"minecraft:walk_one_cm":139315,"minecraft:damage_blocked_by_shield":50,"minecraft:drop":11,"minecraft:damage_dealt":2102,"minecraft:fly_one_cm":50004,"minecraft:open_chest":8,"minecraft:crouch_one_cm":891,"minecraft:play_time":62283,"tombstone:undead_killed":12,"minecraft:deaths":6,"minecraft:sneak_time":467,"minecraft:jump":234,"minecraft:interact_with_blast_furnace":1,"minecraft:total_world_time":62283,"minecraft:fall_one_cm":3102},"minecraft:dropped":{"minecraft:rotten_flesh":6,"zombie_extreme:cash_register":2,"zombie_extreme:soda_used":2,"zombie_extreme:cat_food":1},"minecraft:used":{"minecraft:shield":4,"zombie_extreme:chips":2,"minecraft:spyglass":9,"zombie_extreme:crowbar":29,"minecraft:crafting_table":1,"bunker_down:brittle_pickaxe":5,"zombie_extreme:bandage":4,"minecraft:bread":9,"minecraft:iron_pickaxe":20,"minecraft:map":1,"dynamictrees:birch_seed":3,"minecraft:stone_axe":15,"minecraft:wooden_sword":25,"minecraft:cobblestone":2,"zombie_extreme:soda":1,"tombstone:gift":2,"minecraft:cobweb":2},"minecraft:killed_by":{"female_zombie_:female_zombie":1,"minecraft:creeper":1,"minecraft:zombie":1,"apocalypsenow:runner_41":1},"minecraft:crafted":{"minecraft:oak_planks":8,"zombie_extreme:bandage":4,"minecraft:crafting_table":1,"minecraft:birch_planks":52,"minecraft:stone_axe":1},"minecraft:picked_up":{"minecraft:birch_log":8,"zombie_extreme:wooden_barricades":2,"projectvibrantjourneys:birch_hollow_log":5,"projectvibrantjourneys:oak_hollow_log":4,"minecraft:string":2,"minecraft:moss_carpet":3,"mysticalagriculture:inferium_essence":3,"minecraft:black_glazed_terracotta":1,"dynamictrees:birch_seed":3,"minecraft:stick":10,"zombie_extreme:soda_used":1,"minecraft:dandelion":1,"minecraft:honeycomb_block":3,"minecraft:bundle":1,"minecraft:rotten_flesh":19,"minecraft:honey_block":1,"zombie_extreme:cash_register":2,"minecraft:white_terracotta":14,"minecraft:cobblestone":5},"minecraft:mined":{"minecraft:glass_pane":2,"projectvibrantjourneys:rocks":1,"minecraft:honey_block":1,"minecraft:cobblestone":5,"minecraft:honeycomb_block":3,"projectvibrantjourneys:fallen_leaves":1,"minecraft:white_terracotta":14,"projectvibrantjourneys:light_brown_bark_mushroom":1,"zombie_extreme:cash_register":2,"minecraft:birch_log":1,"zombie_extreme:wooden_barricades":2,"projectvibrantjourneys:bark_mushroom":1,"minecraft:bee_nest":1,"minecraft:grass":2,"projectvibrantjourneys:birch_hollow_log":5,"projectvibrantjourneys:short_grass":2,"minecraft:cobweb":2,"projectvibrantjourneys:oak_hollow_log":4}},"DataVersion":3120}