{"stats":{"minecraft:dropped":{"minecraft:golden_helmet":1,"minecraft:rotten_flesh":16,"zombie_extreme:cash_register":2,"zombie_extreme:soda_used":2,"minecraft:golden_leggings":1,"zombie_extreme:cat_food":1},"minecraft:killed_by":{"female_zombie_:female_zombie":1,"minecraft:player":1,"zombie_extreme:night_hunter":4,"apocalypsenow:runner_47":1,"minecraft:creeper":1,"minecraft:zombie":2,"apocalypsenow:runner_44":1,"apocalypsenow:runner_45":1,"apocalypsenow:runner_41":1,"minecraft:bee":1},"minecraft:custom":{"minecraft:interact_with_furnace":4,"minecraft:mob_kills":30,"minecraft:interact_with_crafting_table":7,"minecraft:interact_with_cartography_table":2,"minecraft:leave_game":2,"minecraft:time_since_death":894,"minecraft:sleep_in_bed":5,"minecraft:climb_one_cm":11289,"minecraft:time_since_rest":553,"minecraft:sprint_one_cm":133289,"minecraft:damage_taken":4219,"minecraft:walk_one_cm":242701,"minecraft:damage_blocked_by_shield":105,"minecraft:drop":23,"minecraft:damage_dealt":4897,"minecraft:player_kills":1,"minecraft:fly_one_cm":128748,"minecraft:open_chest":15,"minecraft:crouch_one_cm":1500,"minecraft:play_time":93678,"tombstone:undead_killed":23,"minecraft:deaths":16,"minecraft:sneak_time":711,"minecraft:jump":582,"minecraft:interact_with_blast_furnace":1,"minecraft:total_world_time":93678,"minecraft:fall_one_cm":7705},"minecraft:killed":{"apocalypsenow:walker_30":1,"zombie_extreme:night_hunter":1,"apocalypsenow:crawler_4":2,"apocalypsenow:runner_37":1,"apocalypsenow:walker_29":1,"apocalypsenow:walker_11":1,"apocalypsenow:runner_39":1,"apocalypsenow:runner_50":2,"apocalypsenow:runner_54":1,"apocalypsenow:walker_32":1,"apocalypsenow:walker_14":1,"minecraft:skeleton":1,"minecraft:zombie":1,"minecraft:bee":4,"apocalypsenow:runner_46":1,"apocalypsenow:runner_43":1,"apocalypsenow:runner_47":2,"apocalypsenow:runner_44":2,"apocalypsenow:runner_45":1,"apocalypsenow:walker_24":1,"female_zombie_:female_zombie":1,"apocalypsenow:runner_51":1,"apocalypsenow:runner_55":1},"minecraft:mined":{"minecraft:glass_pane":2,"minecraft:red_wool":2,"projectvibrantjourneys:rocks":1,"minecraft:honey_block":3,"minecraft:honeycomb_block":3,"minecraft:cobblestone":5,"projectvibrantjourneys:fallen_leaves":1,"minecraft:white_terracotta":14,"projectvibrantjourneys:light_brown_bark_mushroom":1,"zombie_extreme:cash_register":2,"minecraft:birch_log":1,"zombie_extreme:wooden_barricades":2,"projectvibrantjourneys:bark_mushroom":1,"minecraft:bee_nest":1,"minecraft:grass":3,"projectvibrantjourneys:birch_hollow_log":5,"projectvibrantjourneys:short_grass":3,"minecraft:cobweb":2,"projectvibrantjourneys:oak_hollow_log":4},"minecraft:crafted":{"minecraft:oak_planks":8,"zombie_extreme:bandage":4,"minecraft:crafting_table":1,"minecraft:birch_planks":52,"minecraft:stone_axe":1},"minecraft:picked_up":{"minecraft:birch_log":8,"zombie_extreme:wooden_barricades":2,"minecraft:golden_leggings":3,"projectvibrantjourneys:birch_hollow_log":5,"projectvibrantjourneys:oak_hollow_log":4,"zombie_extreme:crowbar":1,"minecraft:string":2,"minecraft:moss_carpet":3,"minecraft:armor_stand":4,"minecraft:experience_bottle":1,"mysticalagriculture:inferium_essence":11,"minecraft:black_glazed_terracotta":1,"dynamictrees:birch_seed":3,"minecraft:golden_helmet":3,"minecraft:stick":10,"zombie_extreme:soda_used":1,"minecraft:red_wool":2,"minecraft:dandelion":1,"minecraft:honeycomb_block":3,"tombstone:grave_dust":3,"minecraft:bundle":1,"minecraft:rotten_flesh":39,"minecraft:honey_block":3,"minecraft:hay_block":1,"zombie_extreme:cash_register":2,"minecraft:white_terracotta":14,"minecraft:cobblestone":5},"minecraft:used":{"minecraft:shield":10,"zombie_extreme:wooden_barricades":2,"zombie_extreme:chips":2,"minecraft:spyglass":9,"zombie_extreme:crowbar":87,"minecraft:crafting_table":1,"bunker_down:brittle_pickaxe":5,"zombie_extreme:bandage":4,"minecraft:honey_block":2,"minecraft:red_wool":2,"minecraft:bread":9,"minecraft:iron_pickaxe":20,"minecraft:map":1,"dynamictrees:birch_seed":3,"minecraft:golden_leggings":1,"minecraft:stone_axe":15,"minecraft:wooden_sword":25,"minecraft:cobblestone":2,"minecraft:hay_block":1,"zombie_extreme:soda":1,"tombstone:gift":2,"minecraft:experience_bottle":1,"minecraft:cobweb":2}},"DataVersion":3120}