{"stats":{"minecraft:killed":{"minecraft:cave_spider":1,"zombie_extreme:night_hunter":5,"apocalypsenow:runner_49":6,"minecraft:skeleton":50,"zombie_extreme:ram":1,"apocalypsenow:runner_41":4,"apocalypsenow:runner_42":16,"apocalypsenow:runner_46":9,"apocalypsenow:runner_45":15,"zombie_extreme:infected_hazmat":4,"majruszsdifficulty:tank":2,"apocalypsenow:walker_11":7,"apocalypsenow:runner_54":14,"zombie_extreme:chainsaw":7,"kevin_trophy:blister_zombie":2,"apocalypsenow:horde_3":1,"minecraft:pillager":13,"minecraft:zombie":20,"apocalypsenow:walker_12":14,"apocalypsenow:walker_13":11,"apocalypsenow:runner_43":12,"apocalypsenow:runner_44":14,"apocalypsenow:runner_55":8,"minecraft:cow":2,"minecraft:vindicator":10,"zombie_extreme:demolisher":2,"apocalypsenow:walker_14":5,"minecraft:horse":2,"mekanismadditions:baby_skeleton":3,"apocalypsenow:horde_1":3,"apocalypsenow:walker_18":10,"apocalypsenow:runner_53":11,"apocalypsenow:walker_33":7,"apocalypsenow:runner_38":7,"zombie_extreme:runner":5,"apocalypsenow:runner_34":34,"apocalypsenow:walker_4":12,"zombie_extreme:crawler":3,"minecraft:husk":4,"apocalypsenow:walker_20":9,"zombie_extreme:boomer":4,"zombie_extreme:infected_military":6,"apocalypsenow:runner_40":11,"apocalypsenow:walker_9":8,"majruszsdifficulty:cursed_armor":1,"zombie_extreme:military":1,"apocalypsenow:walker_27":10,"apocalypsenow:walker_16":10,"apocalypsenow:runner_47":11,"apocalypsenow:looter_4":1,"apocalypsenow:crawler_2":1,"apocalypsenow:runner_36":17,"apocalypsenow:runner_51":10,"apocalypsenow:walker_31":6,"kevin_trophy:zombie_brute":1,"apocalypsenow:walker_2":5,"minecraft:witch":1,"apocalypsenow:crawler_3":1,"apocalypsenow:crawler_4":5,"minecraft:spider":12,"zombie_extreme:infected_juggernaut":3,"apocalypsenow:walker_29":9,"zombie_extreme:divided":4,"apocalypsenow:walker_26":17,"apocalypsenow:walker_25":5,"apocalypsenow:crawler_1":5,"apocalypsenow:walker_22":3,"alexsmobs:kangaroo":1,"minecraft:pig":1,"mekanismadditions:baby_enderman":1,"alexsmobs:grizzly_bear":5,"mekanismadditions:baby_creeper":4,"apocalypsenow:walker_23":5,"apocalypsenow:walker_7":5,"zombie_extreme:bomber":2,"minecraft:creeper":16,"apocalypsenow:walker_5":6,"minecraft:sheep":1,"minecraft:stray":4,"zombie_extreme:devastated":3,"zombie_extreme:infected_police":2,"alexsmobs:fly":4,"apocalypsenow:walker_24":6,"zombie_extreme:fetus":1,"mowziesmobs:umvuthana_raptor":5,"apocalypsenow:walker_6":10,"apocalypsenow:walker_19":17,"apocalypsenow:looter_1":11,"apocalypsenow:runner_37":7,"apocalypsenow:walker_1":8,"apocalypsenow:runner_39":12,"apocalypsenow:runner_35":23,"apocalypsenow:walker_3":5,"apocalypsenow:horde_2":3,"apocalypsenow:walker_15":15,"apocalypsenow:walker_10":8,"apocalypsenow:walker_8":4,"apocalypsenow:walker_30":4,"zombie_extreme:infected":10,"apocalypsenow:runner_52":4,"minecraft:bat":1,"mowziesmobs:umvuthana_follower_raptor":22,"apocalypsenow:walker_21":9,"apocalypsenow:runner_50":22,"apocalypsenow:walker_32":6,"kevin_trophy:crawler_zombie":1,"apocalypsenow:runner_48":10,"apocalypsenow:walker_17":10,"apocalypsenow:walker_28":10},"minecraft:dropped":{"bunker_down:steel_vent":1,"minecraft:piston":10,"minecraft:glow_ink_sac":4,"ava:fg42_dreamcatcher":1,"minecraft:glass_bottle":1,"minecraft:cookie":1,"zombie_extreme:rotten_apple":1,"sophisticatedbackpacks:gold_backpack":1,"minecraft:emerald":1,"minecraft:dirt":85,"zombie_extreme:soda_used":6,"minecraft:grass":10,"alexsmobs:serrated_shark_tooth":1,"projectvibrantjourneys:mossy_rocks":1,"minecraft:fermented_spider_eye":1,"cgm:shell":112,"minecraft:bone":4,"minecraft:oak_door":1,"minecraft:lever":1,"apocalypsenow:small_can":1,"minecraft:wheat":1,"tombstone:gift":3,"minecraft:rotten_flesh":84,"minecraft:oak_planks":2,"apocalypsenow:bloodybandages":1,"mysticalagriculture:inferium_essence":33,"biomesoplenty:wildflower":18,"minecraft:ladder":12,"minecraft:stone_brick_stairs":2,"minecraft:enchanted_book":2,"minecraft:iron_ingot":15,"minecraft:wheat_seeds":10,"minecraft:cobblestone":28,"mowziesmobs:umvuthana_mask_fear":2,"minecraft:golden_carrot":4,"minecraft:sponge":3,"apocalypsenow:bandage":1,"minecraft:potion":1,"toughasnails:leaf_leggings":6,"minecraft:moss_carpet":1,"toughasnails:empty_canteen":3,"minecraft:cobblestone_wall":1,"minecraft:bowl":5,"minecraft:white_terracotta":1,"minecraft:shears":1,"minecraft:peony":4,"minecraft:spruce_planks":1,"minecraft:bundle":1,"demogorgon:blighted_log":1,"minecraft:birch_planks":1,"zombie_extreme:washing_machine":2,"zombie_extreme:green_apple":2,"mowziesmobs:naga_fang":1,"tconstruct:materials_and_you":1,"projectvibrantjourneys:fallen_leaves":1,"apocalypsenow:glassbottle":1,"mekanismtools:osmium_pickaxe":2,"zombie_extreme:bandage":24,"minecraft:gunpowder":4,"apocalypsenow:cooked_human_flesh":2,"minecraft:arrow":20,"mekanismtools:osmium_leggings":1,"apocalypsenow:human_flesh":5,"minecraft:stone_hoe":1,"minecraft:oak_slab":1,"minecraft:lilac":1,"mekanismtools:osmium_boots":1,"grapplemod:grapplinghook":2,"zombie_extreme:shelf":1,"minecraft:grass_block":1,"mekanismtools:osmium_helmet":1,"apocalypsenow:antibiotics":1,"ava:small_rifle_magazine":8,"minecraft:torch":1,"toughasnails:leaf_boots":6,"additionalguns:m1014":1,"tombstone:grave_dust":12,"toughasnails:leaf_helmet":4,"mekanism:raw_osmium":32,"toughasnails:purified_water_canteen":1,"minecraft:polished_andesite_stairs":2,"vinery:savanna_grape_seeds_red":1,"alexsmobs:maggot":1,"toughasnails:leaf_chestplate":6,"minecraft:coarse_dirt":5,"minecraft:raw_iron":30,"farmersdelight:cabbage_seeds":5,"apocalypsenow:drill":2,"securitycraft:reinforced_white_stained_glass":1,"additionalguns:casing_short":64,"minecraft:acacia_leaves":55,"mekanismtools:osmium_chestplate":2,"minecraft:shield":1,"minecraft:andesite":7,"minecraft:quartz_stairs":1,"tombstone:essence_of_undeath":1,"minecraft:wooden_pickaxe":1,"ava:shotgun_ammo":1,"minecraft:brick":1},"minecraft:broken":{"mekanismtools:osmium_pickaxe":2,"toughasnails:leaf_chestplate":8,"mowziesmobs:umvuthana_mask_fury":1,"minecraft:wooden_sword":1,"apocalypsenow:harpoon":1,"mekanismtools:osmium_boots":1,"apocalypsenow:jet_pilot_helmet":1,"toughasnails:purified_water_canteen":7,"toughasnails:leaf_helmet":7,"mowziesmobs:umvuthana_mask_fear":1,"toughasnails:leaf_boots":5,"minecraft:stone_pickaxe":3,"minecraft:stone_axe":1,"toughasnails:leaf_leggings":8,"apocalypsenow:red_football_armor_chestplate":1,"minecraft:leather_boots":1},"minecraft:custom":{"minecraft:interact_with_crafting_table":87,"minecraft:open_barrel":42,"minecraft:leave_game":7,"minecraft:time_since_death":11046,"minecraft:damage_blocked_by_shield":890,"minecraft:play_time":1321214,"minecraft:deaths":111,"minecraft:jump":5888,"minecraft:interact_with_furnace":60,"minecraft:sleep_in_bed":6,"minecraft:waystone_activated":3,"tombstone:sneak_grave":2,"minecraft:damage_dealt":68796,"tombstone:undead_killed":642,"minecraft:interact_with_smoker":1,"minecraft:use_cauldron":7,"minecraft:inspect_dispenser":3,"minecraft:interact_with_anvil":2,"minecraft:damage_dealt_absorbed":160,"minecraft:sneak_time":28330,"minecraft:interact_with_blast_furnace":47,"minecraft:total_world_time":1321214,"tombstone:raider_killed":24,"minecraft:time_since_rest":9874,"tombstone:cast_on_ally":0,"minecraft:swim_one_cm":81301,"minecraft:fly_one_cm":2003388,"minecraft:open_chest":409,"minecraft:fall_one_cm":89115,"minecraft:sprint_one_cm":1767703,"minecraft:drop":241,"minecraft:walk_on_water_one_cm":117186,"minecraft:player_kills":2,"minecraft:crouch_one_cm":64326,"minecraft:mob_kills":863,"minecraft:damage_dealt_resisted":705,"minecraft:climb_one_cm":109187,"minecraft:walk_one_cm":2914189,"minecraft:walk_under_water_one_cm":40871,"minecraft:interact_with_grindstone":2,"minecraft:damage_taken":38100,"minecraft:damage_absorbed":120},"minecraft:crafted":{"mekanism:ingot_osmium":38,"mekanismtools:osmium_chestplate":2,"k_turrets:titanium_ingot":7,"mekanismtools:osmium_boots":2,"easy_steel:tin_ingot":24,"mekanism:ingot_tin":24,"minecraft:copper_ingot":119,"apocalypsenow:cooked_chicken_wing":1,"zombie_extreme:bandage":2,"vinery:savanna_grape_seeds_red":1,"minecraft:iron_nugget":243,"minecraft:bone_meal":39,"easy_steel:crack_hammer":1,"minecraft:stone_pickaxe":5,"easy_steel:raw_titanium_alloy":2,"easy_steel:titanium_alloy_ingot":2,"minecraft:gunpowder":32,"apocalypsenow:cooked_human_flesh":25,"minecraft:oak_planks":64,"toughasnails:leaf_leggings":8,"easy_steel:carbon":2,"minecraft:chest":2,"toughasnails:leaf_helmet":6,"minecraft:stone_hoe":1,"toughasnails:leaf_boots":4,"zombie_extreme:ignotlead":4,"minecraft:crafting_table":3,"minecraft:wooden_pickaxe":1,"minecraft:birch_planks":4,"mekanismtools:osmium_leggings":2,"minecraft:stick":24,"minecraft:iron_ingot":106,"minecraft:shears":2,"zombie_extreme:ignotsteel":15,"minecraft:flint_and_steel":1,"mekanismtools:osmium_helmet":1,"cgm:workbench":1,"zombie_extreme:ignot_tin":4,"mekanismtools:osmium_sword":1,"toughasnails:leaf_chestplate":8,"alexsmobs:cooked_kangaroo_meat":2,"minecraft:stone_axe":1,"minecraft:gold_nugget":135,"minecraft:acacia_planks":32,"minecraft:torch":4},"minecraft:killed_by":{"minecraft:pillager":1,"minecraft:vindicator":5,"zombie_extreme:infected_military":3,"minecraft:zombie":9,"alexsmobs:grizzly_bear":5,"apocalypsenow:runner_39":1,"kevin_trophy:zombie_brute":4,"apocalypsenow:runner_54":1,"apocalypsenow:runner_50":3,"apocalypsenow:looter_1":4,"apocalypsenow:runner_35":1,"apocalypsenow:walker_4":1,"apocalypsenow:runner_41":1,"apocalypsenow:runner_52":1,"mowziesmobs:naga":1,"apocalypsenow:runner_48":1,"zombie_extreme:night_hunter":1,"apocalypsenow:runner_47":1,"minecraft:creeper":2,"zombie_extreme:runner":1,"apocalypsenow:runner_42":2,"apocalypsenow:runner_43":1,"apocalypsenow:runner_46":1,"zombie_extreme:chainsaw":1,"apocalypsenow:runner_44":1,"minecraft:player":3,"apocalypsenow:runner_34":2,"minecraft:spider":1,"apocalypsenow:runner_36":3,"apocalypsenow:runner_53":1,"minecraft:skeleton":5,"apocalypsenow:runner_51":1,"kevin_trophy:blister_zombie":1,"apocalypsenow:runner_40":3,"mowziesmobs:umvuthana_raptor":1},"minecraft:picked_up":{"minecraft:oak_stairs":2,"minecraft:enchanted_book":4,"minecraft:blue_concrete":74,"ava:shotgun_ammo":1,"biomesoplenty:desert_grass":2,"minecraft:string":30,"mysticalagriculture:inferium_essence":96,"minecraft:spruce_planks":9,"toughasnails:leaf_boots":1,"apocalypsenow:red_football_armor_chestplate":1,"apocalypsenow:drill":1,"minecraft:acacia_log":8,"additionalguns:m1014":1,"mekanism:raw_tin":24,"minecraft:pink_terracotta":16,"zombie_extreme:rotten_apple":3,"minecraft:iron_block":1,"minecraft:white_terracotta":10,"minecraft:birch_log":5,"minecraft:sponge":2,"minecraft:feather":12,"minecraft:acacia_leaves":219,"minecraft:flint":2,"minecraft:gray_concrete":392,"farmersdelight:tomato":15,"zombie_extreme:washing_machine":2,"apocalypsenow:human_flesh":28,"ava:fg42_dreamcatcher":1,"zombie_extreme:syringe_drug":1,"minecraft:fermented_spider_eye":2,"minecraft:bundle":3,"alexsmobs:kangaroo_hide":1,"ava:small_rifle_magazine":4,"alexsmobs:maggot":2,"sophisticatedbackpacks:gold_backpack":1,"minecraft:crafting_table":2,"minecraft:coarse_dirt":30,"zombie_extreme:raw_tin":4,"minecraft:netherite_scrap":1,"minecraft:iron_nugget":7,"projectvibrantjourneys:short_grass":5,"minecraft:egg":1,"minecraft:oak_door":1,"minecraft:redstone":27,"minecraft:carrot":10,"additionalguns:casing_small":416,"apocalypsenow:chinese_army_leggings":1,"minecraft:peony":4,"apocalypsenow:jet_pilot_helmet":1,"minecraft:shears":1,"minecraft:hay_block":7,"majruszsdifficulty:soul_jar":1,"mekanismtools:lapis_lazuli_leggings":1,"tombstone:essence_of_undeath":2,"minecraft:mutton":2,"alexsmobs:kangaroo_meat":2,"minecraft:white_wool":6,"majruszsdifficulty:cloth":8,"minecraft:oak_log":28,"zombie_extreme:bronze_nugget":1,"zombie_extreme:raw_steel":15,"tombstone:gift":3,"zombie_extreme:raw_lead":4,"apocalypsenow:cooked_human_flesh":18,"ava:sniper_ammo":17,"tombstone:bag_of_seeds":1,"minecraft:glass_bottle":2,"minecraft:polished_andesite_stairs":47,"minecraft:sweet_berries":6,"minecraft:gravel":1,"bunker_down:steel_block_slab":2,"minecraft:stone_axe":1,"securitycraft:reinforced_white_stained_glass":1,"mekanismtools:osmium_pickaxe":2,"mowziesmobs:umvuthana_mask_fear":3,"toughasnails:leaf_leggings":1,"minecraft:wheat":3,"apocalypsenow:bloodybandages":1,"sulfurpotassiummod:sulfur":25,"zombie_extreme:baseball_bat":1,"minecraft:stone_brick_stairs":174,"tombstone:grave_key":1,"minecraft:raw_copper":117,"minecraft:smooth_stone_slab":289,"minecraft:purple_banner":1,"vinery:savanna_grapes_red":3,"minecraft:oak_sign":1,"minecraft:smooth_stone":170,"farmersdelight:cabbage":4,"farmersdelight:cabbage_seeds":19,"minecraft:tipped_arrow":1,"minecraft:stick":43,"minecraft:torch":31,"minecraft:spruce_stairs":41,"tombstone:grave_dust":37,"minecraft:rotten_flesh":359,"apocalypsenow:wine":1,"minecraft:cobblestone":451,"minecraft:lilac":1,"minecraft:andesite":7,"projectvibrantjourneys:fallen_leaves":1,"bunker_down:steel_vent":2,"minecraft:potato":8,"alexsmobs:bear_fur":1,"projectvibrantjourneys:rocks":1,"minecraft:dirt":408,"securitycraft:sentry":1,"minecraft:bone":40,"minecraft:wheat_seeds":37,"zombie_extreme:shelf":1,"minecraft:oak_planks":19,"minecraft:cooked_porkchop":1,"mekanismtools:osmium_chestplate":1,"minecraft:sand":1,"minecraft:grass_block":2,"zombie_extreme:vodka":1,"additionalguns:bullet_small":118,"cgm:shell":240,"minecraft:light_gray_concrete":43,"minecraft:dark_prismarine_slab":1,"minecraft:sugar":1,"minecraft:light_blue_terracotta":8,"minecraft:diamond":2,"minecraft:grass":10,"minecraft:white_concrete":218,"minecraft:emerald":5,"minecraft:oak_leaves":3,"minecraft:fishing_rod":1,"minecraft:charcoal":2,"minecraft:ladder":12,"minecraft:wooden_pickaxe":2,"minecraft:brick":2,"minecraft:shield":2,"minecraft:moss_carpet":1,"alexsmobs:serrated_shark_tooth":1,"minecraft:dark_prismarine_stairs":1,"biomesoplenty:wildflower":17,"minecraft:raw_iron":105,"zombie_extreme:soda_used":5,"minecraft:bowl":3,"toughasnails:empty_canteen":1,"zombie_extreme:green_apple":4,"additionalguns:casing_short":378,"minecraft:arrow":26,"k_turrets:raw_titanium":7,"easy_steel:raw_tin":24,"mowziesmobs:umvuthana_mask_fury":1,"minecraft:glow_ink_sac":4,"minecraft:leather":3,"additionalguns:vector":2,"minecraft:gunpowder":16,"mca:book_romance":1,"bunker_down:steel_block":6,"minecraft:cooked_mutton":2,"demogorgon:blighted_log":1,"minecraft:iron_ingot":96,"zombie_extreme:cloth":3,"minecraft:polished_andesite_slab":26,"minecraft:oak_slab":167,"minecraft:stone_brick_slab":10,"mekanismtools:lapis_lazuli_boots":1,"mekanism:raw_osmium":68,"minecraft:spider_eye":3,"mowziesmobs:naga_fang":2,"minecraft:iron_helmet":1,"minecraft:terracotta":2,"tombstone:magic_scroll":10,"minecraft:red_concrete":168,"minecraft:coal":31},"minecraft:used":{"farmersdelight:cabbage_seeds":9,"bunker_down:ceiling_lamp":234,"minecraft:chest":167,"farmersdelight:cabbage":2,"minecraft:stone":802,"apocalypsenow:cooked_chicken_wing":1,"minecraft:rotten_flesh":41,"nfm:white_modern_chair":11,"minecraft:grass_block":872,"apocalypsenow:harpoon":366,"bunker_down:airlock_iron_door":2,"minecraft:sweet_berries":9,"minecraft:egg":1,"minecraft:potato":1,"projectvibrantjourneys:mossy_rocks":12,"minecraft:deepslate_brick_wall":1,"projectvibrantjourneys:rocks":1,"additionalguns:vector":5409,"securitycraft:door_indestructible_iron_item":4,"apocalypsenow:drill":1,"minecraft:wooden_pickaxe":36,"additionalguns:mp7":58,"minecraft:sand":1,"nfm:green_cup":1,"apocalypsenow:iron_grid_door":2,"minecraft:blast_furnace":3,"minecraft:gray_concrete":2499,"apocalypsenow:coke":1,"nfm:bin_dark":1,"bunker_down:steel_block":7,"cfm:oak_kitchen_sink_dark":2,"minecraft:gray_stained_glass_pane":204,"thingamajigs:dvd_player":2,"minecraft:stone_button":30,"thingamajigs:screen_door":3,"minecraft:oak_pressure_plate":2,"minecraft:wooden_sword":74,"apocalypsenow:lettuce":1,"mekanismtools:osmium_chestplate":1,"securitycraft:reinforced_gray_stained_glass":68,"ava:smooth_stone_wall_light":126,"minecraft:enchanting_table":1,"minecraft:stone_sword":105,"toughasnails:leaf_helmet":5,"toughasnails:water_purifier":1,"apocalypsenow:camping_machete":40,"minecraft:red_concrete":6,"toughasnails:leaf_boots":1,"minecraft:polished_blackstone_wall":2,"minecraft:torch":187,"nfm:blender_dark":1,"minecraft:brewing_stand":2,"zombie_extreme:bandage":27,"securitycraft:reinforced_gray_stained_glass_pane":332,"apocalypsenow:glass_door":23,"thingamajigs:full_bulb":5,"minecraft:polished_deepslate_wall":10,"nfm:orange_cup":1,"apocalypsenow:jet_pilot_helmet":1,"minecraft:basalt":22,"nfm:oven_range_hood_dark":3,"farmersdelight:cooking_pot":1,"tombstone:gift":6,"cfm:black_kitchen_counter":16,"cfm:black_kitchen_drawer":2,"minecraft:wheat_seeds":2,"minecraft:water_bucket":1,"extendedslabs:vertical_gray_concrete_slab":134,"mysticalagriculture:inferium_furnace":1,"securitycraft:reinforced_iron_trapdoor":2,"zombie_extreme:chips":2,"minecraft:oak_slab":531,"minecraft:crafting_table":6,"mekanismtools:osmium_boots":1,"minecraft:deepslate_tile_wall":78,"mekanismtools:osmium_pickaxe":2062,"minecraft:oak_log":5,"bunker_down:steel_block_slab":2,"majruszsdifficulty:undead_army_treasure_bag":1,"minecraft:stripped_jungle_log":4,"tombstone:magic_scroll":2,"toughasnails:leaf_chestplate":3,"zombie_extreme:baseball_bat":2,"apocalypsenow:walker_1_spawn_egg":1,"minecraft:cobblestone":13,"minecraft:potion":58,"minecraft:cooked_porkchop":1,"nfm:white_modern_sofa":6,"toughasnails:purified_water_canteen":36,"mekanismtools:osmium_leggings":1,"minecraft:stripped_oak_log":721,"farmersdelight:stove":2,"minecraft:shield":37,"minecraft:zombie_spawn_egg":1,"projectarsenal:mp5a4":209,"nfm:oven_dark":3,"nfm:microwave_dark":2,"tombstone:scroll_of_preservation":15,"mekanismtools:osmium_sword":1,"rechiseled:oak_planks_wavy":3,"minecraft:obsidian":5,"thingamajigs:crosswalk_button":1,"minecraft:milk_bucket":1,"minecraft:glass":18,"minecraft:bricks":34,"k_turrets:arrow_turret_item":1,"nfm:light_blue_cup":1,"nfm:toaster_dark":2,"elevatorid:elevator_yellow":4,"apocalypsenow:cooked_human_flesh":43,"minecraft:stone_pickaxe":532,"minecraft:oak_planks":1097,"minecraft:white_wool":3,"nfm:purple_cup":1,"minecraft:mushroom_stew":2,"nfm:black_bar_stool":3,"minecraft:sponge":9,"projectarsenal:mossou":148,"minecraft:shears":214,"waystones:waystone":2,"apocalypsenow:wine":1,"minecraft:lever":2,"minecraft:light_gray_concrete":2589,"mekanismadditions:light_gray_glow_panel":1,"minecraft:melon_slice":4,"minecraft:bread":9,"apocalypsenow:nutrition_bar":1,"minecraft:iron_door":21,"minecraft:gravel":1,"mekanismtools:osmium_shovel":286,"securitycraft:reinforced_white_stained_glass":83,"minecraft:coarse_dirt":22,"minecraft:bone_meal":39,"minecraft:cobweb":11,"minecraft:oak_fence":7,"zombie_extreme:cleaver":266,"minecraft:flint_and_steel":1,"minecraft:tropical_fish":2,"minecraft:dried_kelp":5,"nfm:white_modern_coffee_table":1,"minecraft:spruce_planks":5,"zombie_extreme:canned_food":1,"minecraft:dirt":707,"cgm:workbench":3,"toughasnails:empty_canteen":8,"securitycraft:reinforced_stone":1307,"nfm:white_television_stand":3,"minecraft:purple_banner":1,"nfm:dishwasher_dark":2,"alexsmobs:maggot":1,"minecraft:bookshelf":37,"minecraft:oak_stairs":110,"securitycraft:sentry":38,"zombie_extreme:soda":2,"minecraft:cobbled_deepslate_wall":1,"minecraft:cooked_mutton":2,"biomesoplenty:jacaranda_door":5,"toughasnails:leaf_leggings":1,"minecraft:glass_bottle":58,"securitycraft:panic_button":6,"mekanismtools:osmium_axe":358,"minecraft:terracotta":49,"toughasnails:rain_collector":8,"fallout_inspired_power_armor:interior_doorclosed":2,"videoplayer:tv_block":4,"thingamajigs:t_us_outlet":1,"nfm:white_modern_table":25,"cfm:fridge_dark":3,"zombie_extreme:syringe_drug":1,"minecraft:stone_axe":162,"minecraft:fishing_rod":11,"toughasnails:purified_water_bottle":7,"apocalypsenow:large_soda":1},"minecraft:mined":{"minecraft:dark_prismarine_stairs":2,"dtterralith:spruce_short_conifer_leaves":7,"minecraft:oak_pressure_plate":1,"minecraft:sticky_piston":2,"zombie_extreme:ore_steel":15,"minecraft:oak_stairs":2,"minecraft:light_gray_concrete":18,"minecraft:iron_block":1,"mekanism:osmium_ore":78,"minecraft:torch":25,"minecraft:polished_andesite_stairs":50,"mekanism:tin_ore":26,"farmersdelight:cabbages":2,"projectvibrantjourneys:fallen_leaves":2,"minecraft:white_terracotta":9,"minecraft:wheat":3,"minecraft:lilac":1,"bunker_down:steel_block_slab":1,"minecraft:stone_brick_stairs":172,"minecraft:grass":43,"projectvibrantjourneys:short_grass":46,"minecraft:deepslate":2,"biomesoplenty:desert_grass":28,"projectvibrantjourneys:rocks":1,"farmersdelight:wild_cabbages":8,"dynamictrees:oak_undergrowth_leaves":4,"zombie_extreme:ore_lead":4,"minecraft:andesite":11,"bunker_down:steel_vent":2,"minecraft:potatoes":5,"biomesoplenty:barley":9,"bunker_down:steel_block":3,"minecraft:white_wool":2,"minecraft:oak_slab":172,"minecraft:gray_concrete":396,"minecraft:glass_pane":4,"minecraft:stone_brick_slab":9,"dynamictrees:acacia_leaves":207,"minecraft:tall_grass":32,"minecraft:copper_ore":31,"minecraft:coarse_dirt":18,"zombie_extreme:ore_tin":4,"easy_steel:cassiterite_ore":24,"minecraft:dark_prismarine_slab":5,"minecraft:gravel":14,"minecraft:cobweb":15,"minecraft:fern":2,"minecraft:spruce_planks":2,"minecraft:grass_block":241,"minecraft:blue_concrete":75,"minecraft:white_concrete":229,"minecraft:smooth_stone":175,"minecraft:iron_ore":110,"sulfurpotassiummod:sulfur_ore":25,"projectvibrantjourneys:sea_oats":1,"dtterralith:birch_short_conifer_leaves":23,"minecraft:cobblestone":15,"minecraft:oak_planks":9,"minecraft:wall_torch":5,"minecraft:light_blue_terracotta":8,"farmersdelight:sandy_shrub":1,"minecraft:smooth_stone_slab":414,"minecraft:oak_log":5,"minecraft:dirt":66,"minecraft:oak_leaves":5,"minecraft:deepslate_diamond_ore":2,"minecraft:glow_lichen":2,"biomesoplenty:bush":8,"minecraft:polished_andesite_slab":22,"minecraft:hay_block":7,"minecraft:carrots":3,"minecraft:peony":3,"minecraft:stone":391,"minecraft:pink_terracotta":17,"minecraft:basalt":4,"minecraft:crafting_table":1,"minecraft:stone_slab":1,"minecraft:red_concrete":196,"minecraft:spruce_stairs":46,"minecraft:sweet_berry_bush":2,"k_turrets:titanium_ore":7,"minecraft:coal_ore":41,"minecraft:terracotta":2}},"DataVersion":3120}