{"stats":{"minecraft:mined":{"minecraft:stripped_spruce_wood":7,"minecraft:mossy_cobblestone":1,"minecraft:grass":2,"projectvibrantjourneys:twigs":1,"projectvibrantjourneys:short_grass":1,"minecraft:cobblestone":19},"minecraft:dropped":{"farmersdelight:bacon_and_eggs":2,"minecraft:wooden_pickaxe":1},"minecraft:crafted":{"minecraft:cobblestone_slab":6,"minecraft:crafting_table":1,"minecraft:spruce_planks":28,"minecraft:stick":8,"minecraft:stone_pickaxe":1,"minecraft:wooden_pickaxe":1,"minecraft:stone_axe":1},"minecraft:custom":{"minecraft:time_since_rest":5948,"minecraft:sprint_one_cm":98337,"minecraft:damage_taken":2484,"minecraft:walk_one_cm":88592,"minecraft:damage_blocked_by_shield":503,"minecraft:mob_kills":25,"minecraft:drop":3,"minecraft:damage_dealt":1126,"minecraft:interact_with_crafting_table":3,"minecraft:fly_one_cm":97916,"minecraft:open_chest":7,"minecraft:crouch_one_cm":298,"minecraft:play_time":50922,"tombstone:undead_killed":17,"minecraft:deaths":4,"minecraft:sneak_time":292,"minecraft:walk_under_water_one_cm":12674,"minecraft:jump":536,"minecraft:leave_game":2,"minecraft:time_since_death":6837,"minecraft:walk_on_water_one_cm":909,"minecraft:total_world_time":50922,"minecraft:climb_one_cm":97983,"minecraft:fall_one_cm":10173},"minecraft:picked_up":{"minecraft:bowl":1,"minecraft:stripped_spruce_wood":7,"minecraft:lantern":1,"farmersdelight:bacon_and_eggs":1,"minecraft:bone":1,"minecraft:arrow":1,"minecraft:rotten_flesh":4,"minecraft:wheat_seeds":1,"mysticalagriculture:inferium_essence":1,"apocalypsenow:soldier_helmet":1,"minecraft:cobblestone":19},"minecraft:broken":{"apocalypsenow:soldier_helmet":1},"minecraft:killed_by":{"apocalypsenow:runner_43":1,"apocalypsenow:looter_1":1,"apocalypsenow:runner_37":1},"minecraft:used":{"farmersdelight:bacon_and_eggs":10,"apocalypsenow:soldier_helmet":1,"additionalguns:desert_eagle":32,"mysticalagriculture:imperium_sword":7,"minecraft:wooden_pickaxe":21,"minecraft:shield":12,"minecraft:zombie_spawn_egg":4,"minecraft:wooden_sword":23,"minecraft:diamond_sword":4,"minecraft:crafting_table":1,"minecraft:lingering_potion":63,"minecraft:splash_potion":18,"minecraft:milk_bucket":1},"minecraft:killed":{"minecraft:zombie":6,"zombie_extreme:infected_military":1,"apocalypsenow:runner_42":2,"apocalypsenow:runner_41":1,"apocalypsenow:looter_1":3,"minecraft:stray":1,"apocalypsenow:runner_44":2,"minecraft:spider":1,"alexsmobs:fly":1,"apocalypsenow:military_medic":1,"apocalypsenow:runner_39":1,"apocalypsenow:runner_34":1,"female_zombie_:female_zombie":1,"apocalypsenow:runner_51":1,"apocalypsenow:runner_35":1,"minecraft:creeper":1}},"DataVersion":3120}