{"stats":{"minecraft:used":{"farmersdelight:bacon_and_eggs":4,"minecraft:wooden_sword":4,"additionalguns:desert_eagle":7,"minecraft:shield":2,"minecraft:wooden_pickaxe":7,"minecraft:lingering_potion":17},"minecraft:crafted":{"minecraft:cobblestone_slab":6},"minecraft:killed":{"alexsmobs:fly":1,"minecraft:zombie":1,"apocalypsenow:looter_1":1},"minecraft:picked_up":{"minecraft:cobblestone":7},"minecraft:mined":{"projectvibrantjourneys:twigs":1,"projectvibrantjourneys:short_grass":1,"minecraft:cobblestone":7},"minecraft:custom":{"minecraft:time_since_rest":21232,"minecraft:open_chest":7,"minecraft:play_time":21232,"minecraft:sprint_one_cm":22316,"tombstone:undead_killed":1,"minecraft:damage_taken":772,"minecraft:walk_one_cm":29556,"minecraft:damage_blocked_by_shield":188,"minecraft:sneak_time":39,"minecraft:walk_under_water_one_cm":8682,"minecraft:mob_kills":3,"minecraft:jump":96,"minecraft:damage_dealt":37,"minecraft:leave_game":1,"minecraft:walk_on_water_one_cm":536,"minecraft:time_since_death":21232,"minecraft:total_world_time":21232,"minecraft:climb_one_cm":32897,"minecraft:interact_with_crafting_table":1,"minecraft:fall_one_cm":3795,"minecraft:fly_one_cm":14946}},"DataVersion":3120}