{"stats":{"minecraft:killed":{"minecraft:witch":1,"zombie_extreme:night_hunter":1,"apocalypsenow:runner_49":1,"minecraft:spider":5,"zombie_extreme:infected_juggernaut":1,"apocalypsenow:walker_29":1,"zombie_extreme:divided":1,"apocalypsenow:walker_26":6,"minecraft:skeleton":16,"apocalypsenow:walker_25":2,"apocalypsenow:runner_41":2,"apocalypsenow:runner_42":5,"apocalypsenow:runner_46":4,"apocalypsenow:runner_45":7,"apocalypsenow:walker_22":2,"minecraft:pig":1,"alexsmobs:grizzly_bear":3,"zombie_extreme:infected_hazmat":2,"mekanismadditions:baby_creeper":1,"apocalypsenow:walker_23":2,"apocalypsenow:walker_7":2,"apocalypsenow:runner_54":7,"minecraft:creeper":2,"zombie_extreme:chainsaw":2,"kevin_trophy:blister_zombie":2,"apocalypsenow:horde_3":1,"minecraft:zombie":3,"apocalypsenow:walker_12":6,"apocalypsenow:walker_13":3,"apocalypsenow:runner_43":5,"apocalypsenow:runner_44":3,"zombie_extreme:devastated":1,"alexsmobs:fly":1,"apocalypsenow:walker_24":2,"apocalypsenow:runner_55":2,"minecraft:cow":2,"apocalypsenow:walker_19":7,"apocalypsenow:looter_1":2,"apocalypsenow:runner_37":2,"apocalypsenow:walker_1":3,"apocalypsenow:runner_39":3,"apocalypsenow:runner_35":6,"apocalypsenow:walker_3":2,"apocalypsenow:horde_2":1,"minecraft:horse":2,"apocalypsenow:horde_1":1,"apocalypsenow:walker_15":4,"apocalypsenow:walker_10":2,"apocalypsenow:runner_53":4,"apocalypsenow:walker_18":3,"apocalypsenow:walker_33":2,"apocalypsenow:runner_38":1,"zombie_extreme:runner":1,"apocalypsenow:runner_34":12,"apocalypsenow:walker_8":1,"apocalypsenow:walker_4":4,"apocalypsenow:walker_30":1,"zombie_extreme:crawler":2,"apocalypsenow:walker_20":1,"zombie_extreme:boomer":2,"zombie_extreme:infected_military":3,"zombie_extreme:infected":4,"apocalypsenow:runner_40":5,"apocalypsenow:walker_9":4,"apocalypsenow:runner_52":3,"apocalypsenow:walker_21":1,"apocalypsenow:runner_50":5,"apocalypsenow:walker_32":2,"apocalypsenow:walker_27":3,"kevin_trophy:crawler_zombie":1,"apocalypsenow:walker_16":1,"apocalypsenow:runner_48":4,"apocalypsenow:runner_47":2,"apocalypsenow:walker_17":2,"apocalypsenow:looter_4":1,"apocalypsenow:runner_36":5,"apocalypsenow:walker_28":4,"apocalypsenow:runner_51":3,"apocalypsenow:walker_31":1,"apocalypsenow:walker_2":3},"minecraft:dropped":{"bunker_down:steel_vent":1,"minecraft:piston":10,"minecraft:birch_planks":1,"minecraft:glass_bottle":1,"minecraft:cookie":1,"sophisticatedbackpacks:gold_backpack":1,"minecraft:dirt":77,"zombie_extreme:soda_used":6,"tconstruct:materials_and_you":1,"alexsmobs:serrated_shark_tooth":1,"minecraft:fermented_spider_eye":1,"apocalypsenow:glassbottle":1,"minecraft:lever":1,"minecraft:rotten_flesh":18,"minecraft:oak_planks":2,"apocalypsenow:bloodybandages":1,"zombie_extreme:bandage":19,"mysticalagriculture:inferium_essence":17,"biomesoplenty:wildflower":5,"apocalypsenow:cooked_human_flesh":2,"minecraft:arrow":1,"minecraft:stone_brick_stairs":2,"mekanismtools:osmium_leggings":1,"apocalypsenow:human_flesh":1,"minecraft:iron_ingot":15,"minecraft:wheat_seeds":8,"minecraft:lilac":1,"mekanismtools:osmium_boots":1,"minecraft:cobblestone":11,"mekanismtools:osmium_helmet":1,"apocalypsenow:antibiotics":1,"ava:small_rifle_magazine":4,"minecraft:golden_carrot":4,"minecraft:sponge":3,"apocalypsenow:bandage":1,"toughasnails:leaf_boots":2,"minecraft:potion":1,"tombstone:grave_dust":4,"toughasnails:leaf_helmet":2,"mekanism:raw_osmium":32,"toughasnails:leaf_leggings":2,"minecraft:moss_carpet":1,"alexsmobs:maggot":1,"toughasnails:leaf_chestplate":2,"minecraft:raw_iron":30,"farmersdelight:cabbage_seeds":5,"minecraft:white_terracotta":1,"mekanismtools:osmium_chestplate":1,"minecraft:peony":4,"minecraft:quartz_stairs":1,"minecraft:wooden_pickaxe":1,"ava:shotgun_ammo":1},"minecraft:broken":{"toughasnails:leaf_boots":1,"toughasnails:leaf_chestplate":1,"minecraft:stone_pickaxe":3,"minecraft:wooden_sword":1,"toughasnails:leaf_leggings":1,"apocalypsenow:jet_pilot_helmet":1,"minecraft:leather_boots":1,"toughasnails:leaf_helmet":1},"minecraft:custom":{"minecraft:interact_with_crafting_table":26,"minecraft:open_barrel":1,"minecraft:leave_game":1,"minecraft:time_since_death":4624,"minecraft:sprint_one_cm":294608,"minecraft:damage_blocked_by_shield":510,"minecraft:drop":111,"minecraft:play_time":260267,"minecraft:deaths":48,"minecraft:jump":2059,"minecraft:walk_on_water_one_cm":95043,"minecraft:interact_with_furnace":39,"minecraft:sleep_in_bed":2,"minecraft:waystone_activated":1,"tombstone:sneak_grave":1,"minecraft:damage_dealt":34906,"minecraft:crouch_one_cm":12086,"tombstone:undead_killed":193,"minecraft:interact_with_smoker":1,"minecraft:mob_kills":238,"minecraft:damage_dealt_resisted":135,"minecraft:climb_one_cm":7078,"minecraft:walk_one_cm":730869,"minecraft:damage_dealt_absorbed":160,"minecraft:sneak_time":6414,"minecraft:walk_under_water_one_cm":33756,"minecraft:total_world_time":260267,"tombstone:raider_killed":1,"minecraft:time_since_rest":4322,"minecraft:damage_taken":17236,"minecraft:swim_one_cm":66988,"minecraft:fly_one_cm":244949,"minecraft:open_chest":87,"minecraft:fall_one_cm":27803},"minecraft:crafted":{"minecraft:oak_planks":44,"mekanism:ingot_osmium":32,"mekanismtools:osmium_chestplate":2,"mekanismtools:osmium_boots":2,"minecraft:chest":1,"easy_steel:tin_ingot":6,"mekanism:ingot_tin":6,"minecraft:crafting_table":2,"minecraft:wooden_pickaxe":1,"minecraft:copper_ingot":55,"minecraft:birch_planks":4,"mekanismtools:osmium_leggings":2,"minecraft:stick":8,"minecraft:iron_ingot":50,"zombie_extreme:bandage":2,"minecraft:bone_meal":6,"minecraft:stone_pickaxe":5,"mekanismtools:osmium_helmet":1,"cgm:workbench":1,"minecraft:stone_axe":1,"apocalypsenow:cooked_human_flesh":22,"minecraft:torch":4},"minecraft:killed_by":{"minecraft:creeper":1,"zombie_extreme:runner":1,"apocalypsenow:runner_42":1,"apocalypsenow:runner_46":1,"zombie_extreme:chainsaw":1,"zombie_extreme:infected_military":2,"minecraft:zombie":3,"alexsmobs:grizzly_bear":4,"minecraft:player":2,"apocalypsenow:runner_34":2,"minecraft:spider":1,"apocalypsenow:runner_36":1,"apocalypsenow:runner_53":1,"apocalypsenow:runner_50":1,"minecraft:skeleton":3,"apocalypsenow:runner_51":1,"apocalypsenow:walker_4":1,"apocalypsenow:runner_40":3,"apocalypsenow:runner_52":1,"mowziesmobs:naga":1},"minecraft:picked_up":{"minecraft:wheat":2,"apocalypsenow:bloodybandages":1,"minecraft:enchanted_book":1,"zombie_extreme:baseball_bat":1,"minecraft:stone_brick_stairs":2,"tombstone:grave_key":1,"ava:shotgun_ammo":1,"minecraft:string":9,"minecraft:raw_copper":55,"minecraft:oak_sign":1,"mysticalagriculture:inferium_essence":33,"farmersdelight:cabbage":4,"minecraft:spruce_planks":7,"farmersdelight:cabbage_seeds":19,"minecraft:stick":37,"minecraft:torch":5,"tombstone:grave_dust":16,"mekanism:raw_tin":6,"minecraft:rotten_flesh":143,"zombie_extreme:rotten_apple":1,"minecraft:iron_block":1,"minecraft:white_terracotta":2,"apocalypsenow:wine":1,"minecraft:cobblestone":400,"minecraft:sponge":2,"minecraft:birch_log":5,"minecraft:feather":1,"minecraft:lilac":1,"bunker_down:steel_vent":2,"minecraft:potato":8,"minecraft:flint":2,"minecraft:dirt":105,"minecraft:bone":12,"apocalypsenow:human_flesh":9,"minecraft:wheat_seeds":15,"ava:fg42_dreamcatcher":1,"minecraft:oak_planks":12,"zombie_extreme:syringe_drug":1,"minecraft:sand":1,"minecraft:fermented_spider_eye":1,"zombie_extreme:vodka":1,"minecraft:light_gray_concrete":10,"minecraft:sugar":1,"ava:small_rifle_magazine":4,"alexsmobs:maggot":2,"sophisticatedbackpacks:gold_backpack":1,"minecraft:charcoal":2,"minecraft:coarse_dirt":2,"minecraft:crafting_table":2,"minecraft:wooden_pickaxe":2,"minecraft:shield":1,"minecraft:moss_carpet":1,"alexsmobs:serrated_shark_tooth":1,"minecraft:iron_nugget":7,"biomesoplenty:wildflower":3,"minecraft:egg":1,"minecraft:raw_iron":49,"zombie_extreme:soda_used":5,"minecraft:carrot":10,"minecraft:redstone":25,"zombie_extreme:green_apple":2,"minecraft:arrow":7,"minecraft:peony":4,"apocalypsenow:jet_pilot_helmet":1,"easy_steel:raw_tin":6,"minecraft:white_wool":5,"minecraft:leather":3,"minecraft:oak_log":23,"minecraft:gunpowder":1,"mca:book_romance":1,"tombstone:gift":1,"bunker_down:steel_block":1,"minecraft:iron_ingot":15,"ava:sniper_ammo":17,"zombie_extreme:cloth":2,"minecraft:glass_bottle":2,"minecraft:sweet_berries":6,"mekanism:raw_osmium":62,"minecraft:spider_eye":3,"bunker_down:steel_block_slab":2,"mowziesmobs:naga_fang":2,"minecraft:stone_axe":1,"tombstone:magic_scroll":2,"minecraft:coal":27},"minecraft:used":{"farmersdelight:cabbage_seeds":9,"minecraft:chest":1,"minecraft:shield":24,"farmersdelight:cabbage":2,"minecraft:rotten_flesh":12,"minecraft:milk_bucket":1,"minecraft:bricks":34,"apocalypsenow:harpoon":264,"minecraft:sweet_berries":9,"minecraft:potato":1,"apocalypsenow:cooked_human_flesh":22,"minecraft:stone_pickaxe":522,"minecraft:oak_planks":12,"minecraft:wooden_pickaxe":36,"minecraft:white_wool":2,"minecraft:sand":1,"minecraft:sponge":9,"apocalypsenow:wine":1,"bunker_down:steel_block":2,"minecraft:light_gray_concrete":2,"minecraft:bread":9,"minecraft:melon_slice":4,"minecraft:gravel":1,"minecraft:wooden_sword":74,"minecraft:bone_meal":6,"mekanismtools:osmium_chestplate":1,"zombie_extreme:cleaver":266,"minecraft:stone_sword":40,"minecraft:tropical_fish":2,"minecraft:red_concrete":6,"minecraft:dried_kelp":5,"minecraft:spruce_planks":5,"zombie_extreme:canned_food":1,"minecraft:torch":11,"minecraft:dirt":7,"cgm:workbench":1,"zombie_extreme:bandage":25,"alexsmobs:maggot":1,"apocalypsenow:jet_pilot_helmet":1,"minecraft:basalt":22,"zombie_extreme:soda":2,"tombstone:gift":5,"minecraft:wheat_seeds":2,"minecraft:water_bucket":1,"minecraft:glass_bottle":49,"zombie_extreme:chips":2,"minecraft:crafting_table":2,"mekanismtools:osmium_boots":1,"minecraft:oak_log":5,"bunker_down:steel_block_slab":2,"zombie_extreme:syringe_drug":1,"minecraft:stone_axe":97,"minecraft:cobblestone":13,"minecraft:potion":49,"mekanismtools:osmium_leggings":1},"minecraft:mined":{"minecraft:spruce_planks":2,"dtterralith:spruce_short_conifer_leaves":7,"minecraft:grass_block":4,"minecraft:oak_pressure_plate":1,"minecraft:iron_ore":53,"minecraft:sticky_piston":2,"minecraft:light_gray_concrete":10,"minecraft:iron_block":1,"mekanism:osmium_ore":67,"projectvibrantjourneys:sea_oats":1,"dtterralith:birch_short_conifer_leaves":23,"minecraft:torch":2,"mekanism:tin_ore":6,"farmersdelight:cabbages":2,"projectvibrantjourneys:fallen_leaves":1,"minecraft:wall_torch":3,"minecraft:white_terracotta":1,"farmersdelight:sandy_shrub":1,"minecraft:wheat":3,"minecraft:lilac":1,"bunker_down:steel_block_slab":1,"minecraft:grass":29,"projectvibrantjourneys:short_grass":20,"minecraft:dirt":5,"minecraft:glow_lichen":2,"biomesoplenty:bush":8,"farmersdelight:wild_cabbages":8,"dynamictrees:oak_undergrowth_leaves":4,"minecraft:carrots":3,"bunker_down:steel_vent":2,"minecraft:peony":3,"minecraft:potatoes":5,"biomesoplenty:barley":9,"bunker_down:steel_block":3,"minecraft:stone":349,"minecraft:white_wool":1,"minecraft:glass_pane":2,"minecraft:basalt":4,"minecraft:crafting_table":1,"minecraft:stone_slab":1,"minecraft:copper_ore":12,"minecraft:tall_grass":29,"easy_steel:cassiterite_ore":6,"minecraft:sweet_berry_bush":2,"minecraft:coal_ore":37,"minecraft:cobweb":4,"minecraft:fern":2}},"DataVersion":3120}