{"stats":{"minecraft:mined":{"minecraft:grass":1,"projectvibrantjourneys:twigs":1,"projectvibrantjourneys:short_grass":1,"minecraft:cobblestone":7},"minecraft:dropped":{"farmersdelight:bacon_and_eggs":2},"minecraft:crafted":{"minecraft:cobblestone_slab":6},"minecraft:custom":{"minecraft:time_since_rest":1,"minecraft:sprint_one_cm":82422,"minecraft:damage_taken":1811,"minecraft:walk_one_cm":72927,"minecraft:damage_blocked_by_shield":233,"minecraft:mob_kills":24,"minecraft:drop":2,"minecraft:damage_dealt":1106,"minecraft:interact_with_crafting_table":1,"minecraft:fly_one_cm":77863,"minecraft:open_chest":7,"minecraft:crouch_one_cm":248,"minecraft:play_time":38922,"tombstone:undead_killed":16,"minecraft:deaths":3,"minecraft:sneak_time":280,"minecraft:walk_under_water_one_cm":11680,"minecraft:jump":365,"minecraft:leave_game":2,"minecraft:time_since_death":970,"minecraft:walk_on_water_one_cm":827,"minecraft:total_world_time":38922,"minecraft:climb_one_cm":72310,"minecraft:fall_one_cm":8953},"minecraft:picked_up":{"minecraft:bowl":1,"farmersdelight:bacon_and_eggs":1,"minecraft:rotten_flesh":4,"minecraft:wheat_seeds":1,"mysticalagriculture:inferium_essence":1,"apocalypsenow:soldier_helmet":1,"minecraft:cobblestone":7},"minecraft:broken":{"apocalypsenow:soldier_helmet":1},"minecraft:killed_by":{"apocalypsenow:runner_43":1,"apocalypsenow:runner_37":1},"minecraft:used":{"farmersdelight:bacon_and_eggs":8,"apocalypsenow:soldier_helmet":1,"additionalguns:desert_eagle":31,"mysticalagriculture:imperium_sword":7,"minecraft:wooden_pickaxe":7,"minecraft:shield":4,"minecraft:zombie_spawn_egg":4,"minecraft:wooden_sword":22,"minecraft:diamond_sword":4,"minecraft:lingering_potion":62},"minecraft:killed":{"minecraft:zombie":6,"zombie_extreme:infected_military":1,"apocalypsenow:runner_42":2,"apocalypsenow:runner_41":1,"apocalypsenow:looter_1":3,"apocalypsenow:runner_44":2,"minecraft:spider":1,"alexsmobs:fly":1,"apocalypsenow:military_medic":1,"apocalypsenow:runner_39":1,"apocalypsenow:runner_34":1,"female_zombie_:female_zombie":1,"apocalypsenow:runner_51":1,"apocalypsenow:runner_35":1,"minecraft:creeper":1}},"DataVersion":3120}