{"stats":{"minecraft:dropped":{"apocalypsenow:human_flesh":7,"minecraft:golden_helmet":4,"zombie_extreme:cash_register":2,"minecraft:dirt":10,"zombie_extreme:soda_used":2,"firstaid:bandage":9,"minecraft:wooden_axe":1,"zombie_extreme:wooden_barricades":2,"minecraft:iron_door":1,"tombstone:grave_dust":5,"apocalypsenow:bulletproof_vest_chestplate":1,"minecraft:armor_stand":4,"minecraft:oak_door":1,"minecraft:white_carpet":5,"minecraft:rotten_flesh":16,"zombie_extreme:bandage":13,"mysticalagriculture:inferium_essence":10,"minecraft:golden_leggings":2,"zombie_extreme:cat_food":1},"minecraft:custom":{"minecraft:mob_kills":54,"minecraft:interact_with_crafting_table":16,"minecraft:leave_game":2,"minecraft:time_since_death":7319,"minecraft:climb_one_cm":11833,"minecraft:sprint_one_cm":188426,"minecraft:walk_one_cm":342865,"minecraft:damage_blocked_by_shield":105,"minecraft:drop":48,"minecraft:play_time":129678,"minecraft:deaths":23,"minecraft:sneak_time":1113,"minecraft:jump":1035,"minecraft:interact_with_blast_furnace":8,"minecraft:walk_on_water_one_cm":1383,"minecraft:total_world_time":129678,"minecraft:interact_with_furnace":4,"minecraft:interact_with_cartography_table":2,"minecraft:sleep_in_bed":6,"minecraft:time_since_rest":6568,"minecraft:damage_taken":5554,"minecraft:damage_dealt":9016,"minecraft:fly_one_cm":197060,"minecraft:player_kills":1,"minecraft:open_chest":16,"minecraft:crouch_one_cm":2687,"tombstone:undead_killed":40,"minecraft:fall_one_cm":11618},"minecraft:killed_by":{"female_zombie_:female_zombie":1,"minecraft:player":1,"apocalypsenow:runner_47":1,"zombie_extreme:night_hunter":6,"mca:male_villager":1,"minecraft:creeper":1,"minecraft:bee":1,"mekanismadditions:baby_skeleton":1,"minecraft:zombie":2,"apocalypsenow:runner_44":1,"apocalypsenow:runner_45":1,"apocalypsenow:runner_41":1,"minecraft:cow":1},"minecraft:broken":{"minecraft:wooden_pickaxe":1},"minecraft:killed":{"zombie_extreme:night_hunter":3,"apocalypsenow:crawler_4":3,"apocalypsenow:runner_37":1,"apocalypsenow:walker_1":1,"apocalypsenow:walker_29":1,"apocalypsenow:runner_39":1,"apocalypsenow:walker_3":1,"apocalypsenow:walker_14":2,"minecraft:skeleton":1,"minecraft:bee":4,"zombie_extreme:ram":1,"apocalypsenow:runner_41":1,"apocalypsenow:runner_46":1,"apocalypsenow:runner_45":1,"apocalypsenow:walker_33":1,"apocalypsenow:runner_34":1,"apocalypsenow:walker_30":2,"zombie_extreme:infected":2,"apocalypsenow:walker_11":1,"apocalypsenow:walker_7":1,"apocalypsenow:runner_50":3,"apocalypsenow:runner_54":2,"apocalypsenow:walker_32":1,"minecraft:zombie":1,"apocalypsenow:runner_48":1,"apocalypsenow:walker_17":1,"apocalypsenow:runner_44":2,"apocalypsenow:runner_43":1,"apocalypsenow:runner_47":2,"apocalypsenow:runner_36":1,"apocalypsenow:walker_24":2,"female_zombie_:female_zombie":1,"apocalypsenow:runner_51":2,"apocalypsenow:runner_55":2,"apocalypsenow:walker_6":1},"minecraft:crafted":{"minecraft:oak_planks":64,"zombie_extreme:bandage":4,"mekanism:ingot_osmium":10,"minecraft:furnace":1,"minecraft:stone_pickaxe":1,"minecraft:crafting_table":3,"minecraft:wooden_pickaxe":1,"minecraft:birch_planks":52,"minecraft:stone_axe":2,"minecraft:stick":4,"minecraft:wooden_axe":1},"minecraft:mined":{"minecraft:tuff":1,"minecraft:white_bed":1,"minecraft:oak_door":1,"projectvibrantjourneys:rocks":1,"mekanism:deepslate_osmium_ore":2,"minecraft:grass_block":1,"zombie_extreme:cash_register":2,"zombie_extreme:wooden_barricades":4,"projectvibrantjourneys:bark_mushroom":1,"minecraft:deepslate_iron_ore":13,"minecraft:packed_ice":2,"minecraft:stone":47,"minecraft:white_wool":26,"mekanism:osmium_ore":4,"minecraft:glass_pane":2,"minecraft:red_wool":2,"minecraft:crafting_table":1,"minecraft:honey_block":3,"minecraft:blast_furnace":1,"zombie_extreme:barbed_fence":2,"minecraft:cobblestone":18,"minecraft:tall_grass":5,"minecraft:honeycomb_block":3,"projectvibrantjourneys:fallen_leaves":1,"minecraft:oak_planks":1,"minecraft:iron_door":1,"minecraft:white_terracotta":14,"projectvibrantjourneys:light_brown_bark_mushroom":1,"minecraft:birch_log":1,"minecraft:wheat":1,"minecraft:white_carpet":6,"minecraft:bee_nest":1,"k_turrets:titanium_ore":3,"minecraft:grass":11,"projectvibrantjourneys:birch_hollow_log":5,"minecraft:oak_log":13,"projectvibrantjourneys:short_grass":6,"minecraft:dirt":5,"minecraft:cobweb":3,"projectvibrantjourneys:oak_hollow_log":4},"minecraft:picked_up":{"zombie_extreme:wooden_barricades":4,"minecraft:wheat":3,"apocalypsenow:bombsquad_boots":1,"minecraft:string":3,"minecraft:moss_carpet":3,"minecraft:armor_stand":4,"minecraft:white_carpet":5,"minecraft:experience_bottle":1,"mysticalagriculture:inferium_essence":12,"minecraft:black_glazed_terracotta":1,"minecraft:golden_helmet":4,"minecraft:raw_iron":13,"minecraft:stick":22,"minecraft:oak_door":1,"zombie_extreme:soda_used":1,"minecraft:honeycomb_block":3,"tombstone:grave_dust":6,"minecraft:redstone":1,"apocalypsenow:bombsquad_chestplate":1,"minecraft:rotten_flesh":50,"zombie_extreme:bandage":3,"zombie_extreme:cash_register":2,"minecraft:hay_block":1,"zombie_extreme:rotten_apple":1,"minecraft:white_terracotta":14,"minecraft:white_wool":26,"minecraft:cobblestone":65,"minecraft:birch_log":8,"minecraft:iron_door":2,"minecraft:golden_leggings":3,"projectvibrantjourneys:birch_hollow_log":5,"minecraft:oak_log":14,"projectvibrantjourneys:oak_hollow_log":4,"zombie_extreme:crowbar":1,"minecraft:dirt":14,"minecraft:wheat_seeds":26,"zombie_extreme:barbed_fence":2,"dynamictrees:birch_seed":3,"minecraft:oak_planks":1,"minecraft:red_wool":2,"minecraft:dandelion":1,"mekanism:raw_osmium":6,"minecraft:blast_furnace":1,"minecraft:white_bed":1,"minecraft:spruce_log":4,"minecraft:bundle":1,"minecraft:honey_block":3,"tombstone:magic_scroll":1},"minecraft:used":{"minecraft:stone_sword":91,"minecraft:shield":10,"zombie_extreme:wooden_barricades":2,"minecraft:spyglass":9,"bunker_down:brittle_pickaxe":5,"zombie_extreme:bandage":7,"minecraft:wooden_axe":3,"minecraft:honey_block":2,"minecraft:red_wool":2,"minecraft:oak_stairs":4,"dynamictrees:birch_seed":3,"minecraft:hay_block":1,"zombie_extreme:soda":1,"tombstone:gift":4,"minecraft:stone_pickaxe":35,"minecraft:wooden_pickaxe":58,"zombie_extreme:chips":2,"zombie_extreme:crowbar":103,"minecraft:crafting_table":3,"minecraft:blast_furnace":1,"minecraft:white_bed":1,"minecraft:apple":1,"minecraft:bread":9,"minecraft:map":1,"minecraft:iron_pickaxe":20,"minecraft:iron_door":1,"minecraft:golden_leggings":1,"minecraft:stone_axe":24,"minecraft:wooden_sword":25,"minecraft:cobblestone":2,"minecraft:cobweb":2,"minecraft:experience_bottle":1}},"DataVersion":3120}