{"stats":{"minecraft:killed":{"apocalypsenow:walker_19":1,"apocalypsenow:looter_1":2,"apocalypsenow:runner_49":1,"apocalypsenow:walker_1":1,"minecraft:spider":1,"zombie_extreme:infected_juggernaut":1,"apocalypsenow:runner_39":1,"apocalypsenow:walker_3":1,"zombie_extreme:divided":1,"apocalypsenow:runner_46":1,"apocalypsenow:runner_53":3,"apocalypsenow:runner_38":1,"apocalypsenow:walker_22":1,"zombie_extreme:runner":1,"zombie_extreme:crawler":1,"apocalypsenow:walker_20":1,"zombie_extreme:boomer":1,"zombie_extreme:infected_military":1,"apocalypsenow:runner_40":1,"apocalypsenow:walker_9":2,"apocalypsenow:runner_52":1,"apocalypsenow:walker_23":1,"apocalypsenow:runner_50":1,"apocalypsenow:runner_54":1,"apocalypsenow:walker_32":1,"kevin_trophy:blister_zombie":1,"apocalypsenow:walker_27":2,"minecraft:zombie":1,"apocalypsenow:walker_17":1,"apocalypsenow:runner_43":1,"apocalypsenow:runner_47":1,"apocalypsenow:runner_44":1,"apocalypsenow:looter_4":1,"zombie_extreme:devastated":1,"alexsmobs:fly":1,"apocalypsenow:walker_24":1,"apocalypsenow:walker_28":2,"apocalypsenow:runner_51":1,"apocalypsenow:walker_2":1,"minecraft:cow":2},"minecraft:dropped":{"bunker_down:steel_vent":1,"minecraft:birch_planks":1,"minecraft:wheat_seeds":6,"minecraft:lilac":1,"minecraft:glass_bottle":1,"minecraft:cookie":1,"minecraft:cobblestone":11,"minecraft:dirt":13,"zombie_extreme:soda_used":6,"tconstruct:materials_and_you":1,"minecraft:golden_carrot":4,"minecraft:sponge":3,"toughasnails:leaf_boots":2,"alexsmobs:serrated_shark_tooth":1,"tombstone:grave_dust":2,"minecraft:potion":1,"toughasnails:leaf_helmet":2,"toughasnails:leaf_leggings":2,"minecraft:fermented_spider_eye":1,"minecraft:moss_carpet":1,"alexsmobs:maggot":1,"toughasnails:leaf_chestplate":2,"minecraft:rotten_flesh":18,"minecraft:oak_planks":2,"minecraft:white_terracotta":1,"mysticalagriculture:inferium_essence":13,"minecraft:quartz_stairs":1,"biomesoplenty:wildflower":5,"minecraft:arrow":1,"minecraft:stone_brick_stairs":2,"ava:shotgun_ammo":1},"minecraft:broken":{"minecraft:stone_pickaxe":2,"minecraft:wooden_sword":1,"minecraft:leather_boots":1},"minecraft:custom":{"minecraft:mob_kills":50,"minecraft:interact_with_crafting_table":14,"minecraft:open_barrel":1,"minecraft:leave_game":1,"minecraft:time_since_death":18892,"minecraft:climb_one_cm":3250,"minecraft:sprint_one_cm":142169,"minecraft:walk_one_cm":428509,"minecraft:damage_blocked_by_shield":120,"minecraft:drop":65,"minecraft:play_time":164267,"minecraft:deaths":27,"minecraft:sneak_time":5349,"minecraft:walk_under_water_one_cm":31357,"minecraft:jump":1160,"minecraft:walk_on_water_one_cm":48542,"minecraft:total_world_time":164267,"minecraft:interact_with_furnace":24,"minecraft:sleep_in_bed":2,"minecraft:time_since_rest":18738,"minecraft:damage_taken":9556,"tombstone:sneak_grave":1,"minecraft:damage_dealt":7492,"minecraft:fly_one_cm":142663,"minecraft:swim_one_cm":65146,"minecraft:open_chest":59,"minecraft:crouch_one_cm":9372,"tombstone:undead_killed":34,"minecraft:fall_one_cm":14568},"minecraft:crafted":{"minecraft:oak_planks":44,"minecraft:bone_meal":6,"minecraft:stone_pickaxe":3,"minecraft:chest":1,"easy_steel:tin_ingot":6,"mekanism:ingot_tin":6,"minecraft:crafting_table":1,"minecraft:wooden_pickaxe":1,"minecraft:copper_ingot":55,"minecraft:birch_planks":4,"minecraft:stone_axe":1,"minecraft:stick":4,"minecraft:iron_ingot":10,"apocalypsenow:cooked_human_flesh":15,"minecraft:torch":4},"minecraft:killed_by":{"minecraft:creeper":1,"minecraft:spider":1,"apocalypsenow:runner_36":1,"zombie_extreme:runner":1,"apocalypsenow:runner_42":1,"apocalypsenow:runner_53":1,"apocalypsenow:runner_50":1,"zombie_extreme:infected_military":2,"minecraft:skeleton":1,"apocalypsenow:runner_51":1,"minecraft:zombie":2,"apocalypsenow:runner_40":1,"apocalypsenow:runner_52":1,"mowziesmobs:naga":1},"minecraft:picked_up":{"minecraft:charcoal":2,"minecraft:coarse_dirt":2,"minecraft:wheat":2,"apocalypsenow:bloodybandages":1,"minecraft:stone_brick_stairs":2,"ava:shotgun_ammo":1,"minecraft:string":2,"minecraft:moss_carpet":1,"minecraft:raw_copper":55,"minecraft:oak_sign":1,"alexsmobs:serrated_shark_tooth":1,"mysticalagriculture:inferium_essence":8,"farmersdelight:cabbage":4,"minecraft:spruce_planks":7,"biomesoplenty:wildflower":3,"farmersdelight:cabbage_seeds":14,"minecraft:stick":37,"minecraft:raw_iron":2,"zombie_extreme:soda_used":5,"minecraft:torch":5,"minecraft:redstone":5,"mekanism:raw_tin":6,"minecraft:arrow":1,"minecraft:rotten_flesh":28,"easy_steel:raw_tin":6,"minecraft:white_terracotta":2,"minecraft:white_wool":3,"minecraft:cobblestone":334,"minecraft:sponge":2,"minecraft:birch_log":5,"minecraft:lilac":1,"bunker_down:steel_vent":2,"minecraft:oak_log":23,"minecraft:dirt":41,"bunker_down:steel_block":1,"minecraft:bone":2,"minecraft:wheat_seeds":11,"apocalypsenow:human_flesh":2,"minecraft:glass_bottle":1,"minecraft:oak_planks":2,"minecraft:sweet_berries":6,"minecraft:sand":1,"minecraft:spider_eye":1,"bunker_down:steel_block_slab":2,"mowziesmobs:naga_fang":1,"minecraft:light_gray_concrete":2,"alexsmobs:maggot":2,"tombstone:magic_scroll":1,"minecraft:coal":27},"minecraft:used":{"zombie_extreme:cleaver":162,"minecraft:tropical_fish":2,"minecraft:red_concrete":6,"minecraft:dried_kelp":5,"farmersdelight:cabbage_seeds":9,"minecraft:spruce_planks":5,"minecraft:chest":1,"minecraft:shield":8,"zombie_extreme:canned_food":1,"farmersdelight:cabbage":2,"minecraft:torch":7,"minecraft:dirt":7,"zombie_extreme:bandage":9,"minecraft:milk_bucket":1,"alexsmobs:maggot":1,"minecraft:bricks":34,"apocalypsenow:jet_pilot_helmet":1,"minecraft:sweet_berries":9,"zombie_extreme:soda":2,"tombstone:gift":3,"minecraft:wheat_seeds":2,"apocalypsenow:cooked_human_flesh":5,"minecraft:glass_bottle":27,"minecraft:stone_pickaxe":378,"minecraft:oak_planks":11,"minecraft:wooden_pickaxe":36,"zombie_extreme:chips":2,"minecraft:white_wool":1,"minecraft:sand":1,"minecraft:crafting_table":1,"minecraft:sponge":9,"minecraft:oak_log":5,"bunker_down:steel_block":2,"bunker_down:steel_block_slab":2,"minecraft:light_gray_concrete":2,"minecraft:melon_slice":4,"minecraft:bread":9,"minecraft:stone_axe":97,"minecraft:wooden_sword":74,"minecraft:cobblestone":13,"minecraft:potion":27,"minecraft:bone_meal":6},"minecraft:mined":{"minecraft:spruce_planks":2,"dtterralith:spruce_short_conifer_leaves":7,"biomesoplenty:bush":3,"minecraft:grass_block":3,"farmersdelight:wild_cabbages":8,"dynamictrees:oak_undergrowth_leaves":4,"minecraft:iron_ore":2,"minecraft:sticky_piston":2,"bunker_down:steel_vent":2,"minecraft:light_gray_concrete":2,"biomesoplenty:barley":9,"bunker_down:steel_block":3,"minecraft:stone":337,"minecraft:white_wool":1,"minecraft:glass_pane":2,"projectvibrantjourneys:sea_oats":1,"dtterralith:birch_short_conifer_leaves":23,"minecraft:torch":2,"mekanism:tin_ore":6,"farmersdelight:cabbages":2,"minecraft:tall_grass":23,"minecraft:copper_ore":12,"projectvibrantjourneys:fallen_leaves":1,"minecraft:wall_torch":3,"minecraft:white_terracotta":1,"farmersdelight:sandy_shrub":1,"easy_steel:cassiterite_ore":6,"minecraft:wheat":2,"minecraft:sweet_berry_bush":2,"minecraft:lilac":1,"bunker_down:steel_block_slab":1,"minecraft:grass":22,"minecraft:coal_ore":37,"projectvibrantjourneys:short_grass":15,"minecraft:dirt":5,"minecraft:cobweb":1,"minecraft:fern":2}},"DataVersion":3120}