{"stats":{"minecraft:dropped":{"minecraft:rotten_flesh":6,"zombie_extreme:cash_register":2,"zombie_extreme:soda_used":2,"zombie_extreme:cat_food":1},"minecraft:custom":{"minecraft:mob_kills":17,"minecraft:interact_with_crafting_table":5,"minecraft:interact_with_cartography_table":2,"minecraft:leave_game":2,"minecraft:time_since_death":1448,"minecraft:sleep_in_bed":2,"minecraft:climb_one_cm":10716,"minecraft:time_since_rest":1001,"minecraft:sprint_one_cm":98410,"minecraft:damage_taken":2602,"minecraft:walk_one_cm":164739,"minecraft:damage_blocked_by_shield":75,"minecraft:drop":11,"minecraft:damage_dealt":2511,"minecraft:fly_one_cm":82339,"minecraft:open_chest":10,"minecraft:crouch_one_cm":926,"minecraft:play_time":69678,"tombstone:undead_killed":13,"minecraft:deaths":8,"minecraft:sneak_time":573,"minecraft:jump":361,"minecraft:interact_with_blast_furnace":1,"minecraft:total_world_time":69678,"minecraft:fall_one_cm":5387},"minecraft:killed_by":{"female_zombie_:female_zombie":1,"minecraft:player":1,"minecraft:creeper":1,"minecraft:zombie":1,"apocalypsenow:runner_44":1,"apocalypsenow:runner_41":1},"minecraft:killed":{"apocalypsenow:walker_30":1,"apocalypsenow:crawler_4":1,"apocalypsenow:runner_37":1,"apocalypsenow:walker_11":1,"apocalypsenow:runner_39":1,"apocalypsenow:runner_50":2,"apocalypsenow:walker_32":1,"minecraft:bee":3,"apocalypsenow:runner_43":1,"apocalypsenow:runner_47":1,"apocalypsenow:runner_44":2,"apocalypsenow:walker_24":1,"female_zombie_:female_zombie":1},"minecraft:mined":{"minecraft:glass_pane":2,"minecraft:red_wool":2,"projectvibrantjourneys:rocks":1,"minecraft:honey_block":2,"minecraft:honeycomb_block":3,"minecraft:cobblestone":5,"projectvibrantjourneys:fallen_leaves":1,"minecraft:white_terracotta":14,"projectvibrantjourneys:light_brown_bark_mushroom":1,"zombie_extreme:cash_register":2,"minecraft:birch_log":1,"zombie_extreme:wooden_barricades":2,"projectvibrantjourneys:bark_mushroom":1,"minecraft:bee_nest":1,"minecraft:grass":3,"projectvibrantjourneys:birch_hollow_log":5,"projectvibrantjourneys:short_grass":3,"minecraft:cobweb":2,"projectvibrantjourneys:oak_hollow_log":4},"minecraft:crafted":{"minecraft:oak_planks":8,"zombie_extreme:bandage":4,"minecraft:crafting_table":1,"minecraft:birch_planks":52,"minecraft:stone_axe":1},"minecraft:picked_up":{"minecraft:birch_log":8,"zombie_extreme:wooden_barricades":2,"projectvibrantjourneys:birch_hollow_log":5,"projectvibrantjourneys:oak_hollow_log":4,"minecraft:string":2,"minecraft:moss_carpet":3,"mysticalagriculture:inferium_essence":4,"minecraft:black_glazed_terracotta":1,"dynamictrees:birch_seed":3,"minecraft:stick":10,"zombie_extreme:soda_used":1,"minecraft:red_wool":2,"minecraft:dandelion":1,"minecraft:honeycomb_block":3,"tombstone:grave_dust":2,"minecraft:bundle":1,"minecraft:rotten_flesh":19,"minecraft:honey_block":2,"zombie_extreme:cash_register":2,"minecraft:white_terracotta":14,"minecraft:cobblestone":5},"minecraft:used":{"minecraft:shield":5,"zombie_extreme:wooden_barricades":2,"zombie_extreme:chips":2,"minecraft:spyglass":9,"zombie_extreme:crowbar":39,"minecraft:crafting_table":1,"bunker_down:brittle_pickaxe":5,"zombie_extreme:bandage":4,"minecraft:honey_block":1,"minecraft:red_wool":1,"minecraft:bread":9,"minecraft:iron_pickaxe":20,"minecraft:map":1,"dynamictrees:birch_seed":3,"minecraft:stone_axe":15,"minecraft:wooden_sword":25,"minecraft:cobblestone":2,"zombie_extreme:soda":1,"tombstone:gift":2,"minecraft:cobweb":2}},"DataVersion":3120}