{"stats":{"minecraft:killed":{"minecraft:witch":1,"zombie_extreme:night_hunter":2,"apocalypsenow:runner_49":2,"minecraft:spider":7,"zombie_extreme:infected_juggernaut":2,"apocalypsenow:walker_29":1,"zombie_extreme:divided":1,"apocalypsenow:walker_26":6,"minecraft:skeleton":29,"apocalypsenow:walker_25":3,"apocalypsenow:crawler_1":2,"apocalypsenow:runner_41":4,"apocalypsenow:runner_42":8,"apocalypsenow:runner_46":5,"apocalypsenow:runner_45":7,"apocalypsenow:walker_22":2,"alexsmobs:kangaroo":1,"minecraft:pig":1,"alexsmobs:grizzly_bear":4,"zombie_extreme:infected_hazmat":2,"mekanismadditions:baby_creeper":2,"majruszsdifficulty:tank":1,"apocalypsenow:walker_23":2,"apocalypsenow:walker_7":2,"apocalypsenow:runner_54":7,"minecraft:creeper":7,"zombie_extreme:chainsaw":2,"minecraft:sheep":1,"kevin_trophy:blister_zombie":2,"apocalypsenow:horde_3":1,"minecraft:zombie":16,"apocalypsenow:walker_12":7,"apocalypsenow:walker_13":3,"apocalypsenow:runner_43":6,"minecraft:stray":3,"apocalypsenow:runner_44":6,"zombie_extreme:infected_police":1,"zombie_extreme:devastated":1,"alexsmobs:fly":1,"apocalypsenow:walker_24":2,"mowziesmobs:umvuthana_raptor":1,"apocalypsenow:runner_55":3,"apocalypsenow:walker_6":2,"minecraft:cow":2,"apocalypsenow:walker_19":8,"apocalypsenow:looter_1":3,"apocalypsenow:runner_37":4,"apocalypsenow:walker_1":5,"apocalypsenow:runner_39":3,"apocalypsenow:runner_35":6,"apocalypsenow:walker_14":1,"apocalypsenow:walker_3":2,"apocalypsenow:horde_2":1,"minecraft:horse":2,"apocalypsenow:horde_1":1,"apocalypsenow:walker_15":5,"apocalypsenow:walker_10":2,"apocalypsenow:runner_53":8,"apocalypsenow:walker_18":3,"apocalypsenow:walker_33":2,"apocalypsenow:runner_38":2,"zombie_extreme:runner":2,"apocalypsenow:runner_34":13,"apocalypsenow:walker_8":1,"apocalypsenow:walker_4":6,"apocalypsenow:walker_30":1,"zombie_extreme:crawler":2,"minecraft:husk":3,"apocalypsenow:walker_20":2,"zombie_extreme:boomer":2,"zombie_extreme:infected_military":3,"zombie_extreme:infected":6,"apocalypsenow:runner_40":6,"apocalypsenow:walker_9":5,"apocalypsenow:runner_52":3,"mowziesmobs:umvuthana_follower_raptor":5,"apocalypsenow:walker_21":2,"apocalypsenow:runner_50":8,"apocalypsenow:walker_32":3,"apocalypsenow:walker_27":4,"kevin_trophy:crawler_zombie":1,"apocalypsenow:walker_16":5,"apocalypsenow:runner_48":5,"apocalypsenow:runner_47":5,"apocalypsenow:walker_17":4,"apocalypsenow:looter_4":1,"apocalypsenow:runner_36":7,"apocalypsenow:walker_28":6,"apocalypsenow:runner_51":3,"apocalypsenow:walker_31":1,"apocalypsenow:walker_2":3},"minecraft:dropped":{"bunker_down:steel_vent":1,"minecraft:piston":10,"minecraft:birch_planks":1,"minecraft:glass_bottle":1,"minecraft:cookie":1,"zombie_extreme:green_apple":2,"mowziesmobs:naga_fang":1,"sophisticatedbackpacks:gold_backpack":1,"minecraft:dirt":77,"zombie_extreme:soda_used":6,"tconstruct:materials_and_you":1,"alexsmobs:serrated_shark_tooth":1,"minecraft:fermented_spider_eye":1,"cgm:shell":48,"apocalypsenow:glassbottle":1,"minecraft:lever":1,"apocalypsenow:small_can":1,"minecraft:wheat":1,"minecraft:rotten_flesh":75,"minecraft:oak_planks":2,"apocalypsenow:bloodybandages":1,"zombie_extreme:bandage":19,"mysticalagriculture:inferium_essence":17,"biomesoplenty:wildflower":5,"apocalypsenow:cooked_human_flesh":2,"minecraft:arrow":1,"minecraft:stone_brick_stairs":2,"mekanismtools:osmium_leggings":1,"apocalypsenow:human_flesh":4,"minecraft:stone_hoe":1,"minecraft:iron_ingot":15,"minecraft:wheat_seeds":8,"minecraft:lilac":1,"mekanismtools:osmium_boots":1,"minecraft:cobblestone":11,"mekanismtools:osmium_helmet":1,"apocalypsenow:antibiotics":1,"ava:small_rifle_magazine":4,"minecraft:golden_carrot":4,"minecraft:sponge":3,"apocalypsenow:bandage":1,"toughasnails:leaf_boots":2,"additionalguns:m1014":1,"minecraft:potion":1,"tombstone:grave_dust":4,"toughasnails:leaf_helmet":2,"mekanism:raw_osmium":32,"toughasnails:leaf_leggings":2,"minecraft:moss_carpet":1,"alexsmobs:maggot":1,"toughasnails:leaf_chestplate":2,"minecraft:raw_iron":30,"farmersdelight:cabbage_seeds":5,"apocalypsenow:drill":2,"minecraft:white_terracotta":1,"additionalguns:casing_short":64,"mekanismtools:osmium_chestplate":1,"minecraft:peony":4,"minecraft:bundle":1,"minecraft:quartz_stairs":1,"tombstone:essence_of_undeath":1,"minecraft:wooden_pickaxe":1,"ava:shotgun_ammo":1},"minecraft:broken":{"toughasnails:leaf_boots":1,"toughasnails:leaf_chestplate":1,"minecraft:stone_pickaxe":3,"minecraft:wooden_sword":1,"toughasnails:leaf_leggings":1,"apocalypsenow:jet_pilot_helmet":1,"minecraft:leather_boots":1,"toughasnails:leaf_helmet":1},"minecraft:custom":{"minecraft:interact_with_crafting_table":44,"minecraft:open_barrel":1,"minecraft:leave_game":1,"minecraft:time_since_death":0,"minecraft:sprint_one_cm":510715,"minecraft:damage_blocked_by_shield":570,"minecraft:drop":126,"minecraft:play_time":434267,"minecraft:deaths":61,"minecraft:jump":2693,"minecraft:walk_on_water_one_cm":97486,"minecraft:interact_with_furnace":43,"minecraft:sleep_in_bed":5,"minecraft:waystone_activated":1,"tombstone:sneak_grave":2,"minecraft:damage_dealt":40084,"minecraft:crouch_one_cm":36954,"tombstone:undead_killed":276,"minecraft:interact_with_smoker":1,"minecraft:interact_with_anvil":2,"minecraft:mob_kills":351,"minecraft:damage_dealt_resisted":356,"minecraft:climb_one_cm":22393,"minecraft:walk_one_cm":1003052,"minecraft:damage_dealt_absorbed":160,"minecraft:sneak_time":11893,"minecraft:walk_under_water_one_cm":33756,"minecraft:total_world_time":434267,"tombstone:raider_killed":1,"minecraft:interact_with_grindstone":1,"minecraft:time_since_rest":16927,"minecraft:damage_taken":20732,"minecraft:damage_absorbed":120,"minecraft:swim_one_cm":66988,"minecraft:fly_one_cm":481415,"minecraft:open_chest":139,"minecraft:fall_one_cm":33034},"minecraft:crafted":{"minecraft:oak_planks":44,"mekanism:ingot_osmium":32,"mekanismtools:osmium_chestplate":2,"mekanismtools:osmium_boots":2,"minecraft:chest":2,"toughasnails:leaf_helmet":1,"easy_steel:tin_ingot":6,"minecraft:stone_hoe":1,"mekanism:ingot_tin":6,"minecraft:crafting_table":2,"minecraft:wooden_pickaxe":1,"minecraft:copper_ingot":55,"minecraft:birch_planks":4,"mekanismtools:osmium_leggings":2,"minecraft:stick":8,"minecraft:iron_ingot":50,"minecraft:shears":2,"zombie_extreme:bandage":2,"minecraft:iron_nugget":54,"minecraft:bone_meal":39,"minecraft:flint_and_steel":1,"minecraft:stone_pickaxe":5,"mekanismtools:osmium_helmet":1,"cgm:workbench":1,"minecraft:stone_axe":1,"minecraft:gold_nugget":9,"apocalypsenow:cooked_human_flesh":22,"minecraft:torch":4},"minecraft:killed_by":{"minecraft:creeper":2,"zombie_extreme:runner":1,"apocalypsenow:runner_42":1,"apocalypsenow:runner_46":1,"zombie_extreme:chainsaw":1,"zombie_extreme:infected_military":2,"minecraft:zombie":4,"alexsmobs:grizzly_bear":5,"minecraft:player":3,"apocalypsenow:runner_34":2,"minecraft:spider":1,"apocalypsenow:runner_36":1,"apocalypsenow:runner_53":1,"apocalypsenow:runner_50":1,"minecraft:skeleton":3,"apocalypsenow:runner_51":1,"apocalypsenow:walker_4":1,"apocalypsenow:runner_40":3,"apocalypsenow:runner_41":1,"apocalypsenow:runner_52":1,"mowziesmobs:naga":1},"minecraft:picked_up":{"toughasnails:leaf_leggings":1,"minecraft:wheat":3,"apocalypsenow:bloodybandages":1,"minecraft:enchanted_book":1,"zombie_extreme:baseball_bat":1,"minecraft:stone_brick_stairs":2,"tombstone:grave_key":1,"ava:shotgun_ammo":1,"minecraft:string":10,"minecraft:raw_copper":55,"minecraft:oak_sign":1,"mysticalagriculture:inferium_essence":38,"farmersdelight:cabbage":4,"minecraft:spruce_planks":7,"farmersdelight:cabbage_seeds":19,"minecraft:tipped_arrow":1,"apocalypsenow:drill":1,"minecraft:stick":43,"minecraft:torch":5,"minecraft:acacia_log":8,"additionalguns:m1014":1,"tombstone:grave_dust":21,"mekanism:raw_tin":6,"minecraft:rotten_flesh":180,"zombie_extreme:rotten_apple":2,"minecraft:iron_block":1,"minecraft:white_terracotta":2,"apocalypsenow:wine":1,"minecraft:cobblestone":407,"minecraft:sponge":2,"minecraft:birch_log":5,"minecraft:feather":4,"minecraft:lilac":1,"minecraft:acacia_leaves":53,"bunker_down:steel_vent":2,"minecraft:potato":8,"alexsmobs:bear_fur":1,"minecraft:flint":2,"farmersdelight:tomato":15,"minecraft:dirt":105,"securitycraft:sentry":1,"minecraft:bone":19,"apocalypsenow:human_flesh":9,"minecraft:wheat_seeds":16,"ava:fg42_dreamcatcher":1,"minecraft:oak_planks":12,"zombie_extreme:syringe_drug":1,"minecraft:sand":1,"minecraft:fermented_spider_eye":1,"additionalguns:bullet_small":118,"cgm:shell":48,"zombie_extreme:vodka":1,"minecraft:bundle":2,"minecraft:light_gray_concrete":12,"alexsmobs:kangaroo_hide":1,"minecraft:sugar":1,"ava:small_rifle_magazine":4,"alexsmobs:maggot":2,"minecraft:fishing_rod":1,"sophisticatedbackpacks:gold_backpack":1,"minecraft:charcoal":2,"minecraft:coarse_dirt":2,"minecraft:crafting_table":2,"minecraft:wooden_pickaxe":2,"minecraft:brick":1,"minecraft:shield":1,"minecraft:moss_carpet":1,"alexsmobs:serrated_shark_tooth":1,"minecraft:iron_nugget":7,"biomesoplenty:wildflower":4,"minecraft:egg":1,"minecraft:raw_iron":49,"zombie_extreme:soda_used":5,"minecraft:carrot":10,"minecraft:redstone":27,"additionalguns:casing_small":416,"additionalguns:casing_short":378,"zombie_extreme:green_apple":4,"minecraft:arrow":13,"minecraft:peony":4,"apocalypsenow:jet_pilot_helmet":1,"tombstone:essence_of_undeath":1,"easy_steel:raw_tin":6,"alexsmobs:kangaroo_meat":2,"minecraft:white_wool":5,"minecraft:leather":3,"additionalguns:vector":1,"minecraft:oak_log":23,"minecraft:gunpowder":7,"mca:book_romance":1,"tombstone:gift":1,"bunker_down:steel_block":1,"minecraft:iron_ingot":96,"ava:sniper_ammo":17,"tombstone:bag_of_seeds":1,"zombie_extreme:cloth":2,"minecraft:glass_bottle":2,"minecraft:sweet_berries":6,"mekanism:raw_osmium":62,"minecraft:spider_eye":3,"bunker_down:steel_block_slab":2,"mowziesmobs:naga_fang":2,"minecraft:stone_axe":1,"tombstone:magic_scroll":4,"minecraft:red_concrete":1,"minecraft:coal":27},"minecraft:used":{"farmersdelight:cabbage_seeds":9,"minecraft:chest":18,"minecraft:shield":28,"farmersdelight:cabbage":2,"minecraft:stone":198,"minecraft:rotten_flesh":12,"minecraft:milk_bucket":1,"minecraft:obsidian":5,"minecraft:bricks":34,"minecraft:grass_block":706,"apocalypsenow:harpoon":284,"minecraft:sweet_berries":9,"minecraft:egg":1,"minecraft:potato":1,"apocalypsenow:cooked_human_flesh":22,"additionalguns:vector":1708,"minecraft:stone_pickaxe":532,"minecraft:oak_planks":12,"apocalypsenow:drill":1,"minecraft:wooden_pickaxe":36,"minecraft:white_wool":3,"minecraft:sand":1,"minecraft:sponge":9,"minecraft:shears":62,"apocalypsenow:coke":1,"apocalypsenow:wine":1,"bunker_down:steel_block":2,"minecraft:light_gray_concrete":2562,"minecraft:bread":9,"minecraft:melon_slice":4,"minecraft:stone_button":16,"apocalypsenow:nutrition_bar":1,"minecraft:iron_door":14,"minecraft:gravel":1,"minecraft:wooden_sword":74,"minecraft:bone_meal":39,"mekanismtools:osmium_chestplate":1,"zombie_extreme:cleaver":266,"minecraft:stone_sword":68,"toughasnails:leaf_helmet":1,"minecraft:flint_and_steel":1,"minecraft:tropical_fish":2,"minecraft:red_concrete":6,"minecraft:dried_kelp":5,"minecraft:spruce_planks":5,"zombie_extreme:canned_food":1,"minecraft:torch":11,"minecraft:dirt":7,"cgm:workbench":1,"zombie_extreme:bandage":25,"alexsmobs:maggot":1,"securitycraft:sentry":17,"apocalypsenow:jet_pilot_helmet":1,"minecraft:basalt":22,"zombie_extreme:soda":2,"tombstone:gift":5,"minecraft:wheat_seeds":2,"minecraft:water_bucket":1,"minecraft:glass_bottle":55,"zombie_extreme:chips":2,"minecraft:terracotta":49,"minecraft:crafting_table":5,"mekanismtools:osmium_boots":1,"minecraft:oak_log":5,"bunker_down:steel_block_slab":2,"tombstone:magic_scroll":1,"zombie_extreme:syringe_drug":1,"minecraft:stone_axe":97,"apocalypsenow:walker_1_spawn_egg":1,"minecraft:fishing_rod":11,"minecraft:cobblestone":13,"minecraft:potion":55,"mekanismtools:osmium_leggings":1,"apocalypsenow:large_soda":1},"minecraft:mined":{"minecraft:spruce_planks":2,"dtterralith:spruce_short_conifer_leaves":7,"minecraft:grass_block":4,"minecraft:oak_pressure_plate":1,"minecraft:iron_ore":53,"minecraft:sticky_piston":2,"minecraft:light_gray_concrete":12,"minecraft:iron_block":1,"mekanism:osmium_ore":67,"projectvibrantjourneys:sea_oats":1,"dtterralith:birch_short_conifer_leaves":23,"minecraft:torch":2,"mekanism:tin_ore":6,"farmersdelight:cabbages":2,"minecraft:cobblestone":5,"projectvibrantjourneys:fallen_leaves":1,"minecraft:wall_torch":3,"minecraft:white_terracotta":1,"farmersdelight:sandy_shrub":1,"minecraft:wheat":3,"minecraft:lilac":1,"bunker_down:steel_block_slab":1,"minecraft:grass":30,"projectvibrantjourneys:short_grass":22,"minecraft:dirt":5,"biomesoplenty:desert_grass":1,"minecraft:glow_lichen":2,"biomesoplenty:bush":8,"minecraft:polished_andesite_slab":2,"farmersdelight:wild_cabbages":8,"dynamictrees:oak_undergrowth_leaves":4,"minecraft:carrots":3,"bunker_down:steel_vent":2,"minecraft:peony":3,"minecraft:potatoes":5,"biomesoplenty:barley":9,"bunker_down:steel_block":3,"minecraft:stone":349,"minecraft:white_wool":1,"minecraft:glass_pane":2,"minecraft:basalt":4,"minecraft:crafting_table":1,"dynamictrees:acacia_leaves":62,"minecraft:stone_slab":1,"minecraft:copper_ore":12,"minecraft:tall_grass":29,"minecraft:red_concrete":1,"easy_steel:cassiterite_ore":6,"minecraft:sweet_berry_bush":2,"minecraft:coal_ore":37,"minecraft:cobweb":4,"minecraft:fern":2}},"DataVersion":3120}