{"stats":{"minecraft:mined":{"minecraft:spruce_planks":3,"mekanism:osmium_ore":21,"minecraft:mossy_cobblestone":4,"projectvibrantjourneys:rocks":1,"projectvibrantjourneys:twigs":1,"minecraft:grass_block":1,"minecraft:cobblestone":30,"minecraft:stripped_spruce_wood":14,"minecraft:iron_ore":57,"minecraft:coal_ore":33,"minecraft:grass":4,"projectvibrantjourneys:short_grass":1,"minecraft:stone":33},"minecraft:dropped":{"minecraft:bowl":3,"farmersdelight:bacon_and_eggs":2,"minecraft:wooden_pickaxe":1},"minecraft:crafted":{"minecraft:cobblestone_slab":6,"minecraft:crafting_table":2,"mekanism:ingot_osmium":14,"minecraft:spruce_planks":52,"minecraft:wooden_pickaxe":1,"minecraft:spruce_door":3,"mekanismtools:osmium_chestplate":1,"minecraft:furnace":1,"minecraft:stone_axe":1,"minecraft:iron_boots":1,"minecraft:iron_pickaxe":1,"minecraft:stick":8,"minecraft:stone_pickaxe":1,"minecraft:iron_ingot":14,"minecraft:iron_leggings":1,"mekanismtools:osmium_helmet":1},"minecraft:custom":{"minecraft:interact_with_furnace":14,"minecraft:mob_kills":42,"minecraft:interact_with_crafting_table":17,"minecraft:leave_game":3,"minecraft:time_since_death":1286,"minecraft:climb_one_cm":144665,"minecraft:time_since_rest":1,"minecraft:sprint_one_cm":153496,"minecraft:damage_taken":4359,"minecraft:walk_one_cm":190372,"minecraft:damage_blocked_by_shield":1383,"minecraft:drop":6,"minecraft:damage_dealt":2861,"minecraft:swim_one_cm":62,"minecraft:fly_one_cm":135208,"minecraft:open_chest":7,"minecraft:crouch_one_cm":1679,"minecraft:sneak_time":1042,"minecraft:play_time":109829,"tombstone:undead_killed":32,"minecraft:deaths":7,"minecraft:walk_under_water_one_cm":15870,"minecraft:jump":975,"minecraft:walk_on_water_one_cm":1230,"minecraft:total_world_time":109829,"minecraft:fall_one_cm":16687},"minecraft:picked_up":{"minecraft:wooden_pickaxe":1,"minecraft:stripped_spruce_wood":14,"minecraft:dirt":1,"minecraft:lantern":2,"minecraft:bone":16,"minecraft:bow":1,"minecraft:wheat_seeds":1,"mysticalagriculture:inferium_essence":5,"minecraft:spruce_planks":6,"minecraft:tipped_arrow":6,"minecraft:raw_iron":56,"minecraft:bowl":3,"tombstone:grave_dust":4,"minecraft:spruce_door":1,"minecraft:mossy_cobblestone":4,"mekanism:raw_osmium":21,"farmersdelight:bacon_and_eggs":1,"minecraft:arrow":20,"minecraft:rotten_flesh":4,"apocalypsenow:soldier_helmet":1,"tombstone:essence_of_undeath":1,"tombstone:magic_scroll":1,"minecraft:coal":33,"minecraft:snowball":7,"minecraft:cobblestone":60},"minecraft:broken":{"minecraft:stone_pickaxe":1,"apocalypsenow:soldier_helmet":1,"minecraft:leather_boots":1},"minecraft:killed_by":{"minecraft:skeleton":2,"mekanismadditions:baby_stray":1,"apocalypsenow:runner_43":1,"apocalypsenow:looter_1":1,"apocalypsenow:runner_37":1},"minecraft:used":{"minecraft:spruce_door":2,"mysticalagriculture:imperium_sword":7,"minecraft:stone_pickaxe":133,"minecraft:wooden_pickaxe":21,"minecraft:spruce_planks":29,"minecraft:shield":54,"minecraft:zombie_spawn_egg":4,"minecraft:mossy_cobblestone":4,"minecraft:crafting_table":2,"minecraft:lingering_potion":63,"minecraft:milk_bucket":3,"farmersdelight:bacon_and_eggs":18,"apocalypsenow:soldier_helmet":1,"additionalguns:desert_eagle":49,"minecraft:lantern":1,"mekanismtools:osmium_helmet":1,"minecraft:iron_pickaxe":32,"minecraft:iron_boots":1,"minecraft:stone_axe":48,"minecraft:diamond_sword":4,"minecraft:wooden_sword":23,"minecraft:cobblestone":34,"minecraft:bow":14,"minecraft:furnace":1,"tombstone:gift":2,"minecraft:iron_leggings":1,"mekanismtools:osmium_chestplate":1,"minecraft:splash_potion":18},"minecraft:killed":{"zombie_extreme:infected_military":1,"apocalypsenow:looter_1":4,"minecraft:spider":1,"mekanismadditions:baby_stray":2,"apocalypsenow:runner_39":1,"apocalypsenow:runner_35":1,"minecraft:creeper":1,"minecraft:skeleton":2,"minecraft:zombie":6,"apocalypsenow:runner_41":2,"apocalypsenow:runner_42":2,"minecraft:stray":11,"apocalypsenow:runner_44":2,"apocalypsenow:military_medic":1,"alexsmobs:fly":1,"female_zombie_:female_zombie":1,"apocalypsenow:runner_51":1,"apocalypsenow:runner_34":1}},"DataVersion":3120}