{"stats":{"minecraft:mined":{"minecraft:spruce_planks":3,"mekanism:osmium_ore":14,"minecraft:mossy_cobblestone":4,"projectvibrantjourneys:rocks":1,"projectvibrantjourneys:twigs":1,"minecraft:cobblestone":29,"minecraft:stripped_spruce_wood":14,"minecraft:iron_ore":37,"minecraft:coal_ore":33,"minecraft:grass":4,"projectvibrantjourneys:short_grass":1,"minecraft:stone":29},"minecraft:dropped":{"minecraft:bowl":3,"farmersdelight:bacon_and_eggs":2,"minecraft:wooden_pickaxe":1},"minecraft:crafted":{"minecraft:cobblestone_slab":6,"minecraft:crafting_table":2,"mekanism:ingot_osmium":9,"minecraft:spruce_planks":52,"minecraft:wooden_pickaxe":1,"minecraft:spruce_door":3,"minecraft:furnace":1,"minecraft:stone_axe":1,"minecraft:stick":8,"minecraft:stone_pickaxe":1,"minecraft:iron_ingot":1,"mekanismtools:osmium_helmet":1},"minecraft:custom":{"minecraft:interact_with_furnace":5,"minecraft:mob_kills":33,"minecraft:interact_with_crafting_table":7,"minecraft:leave_game":3,"minecraft:time_since_death":6045,"minecraft:climb_one_cm":131247,"minecraft:time_since_rest":3942,"minecraft:sprint_one_cm":144368,"minecraft:damage_taken":4030,"minecraft:walk_one_cm":166997,"minecraft:damage_blocked_by_shield":713,"minecraft:drop":6,"minecraft:damage_dealt":1712,"minecraft:swim_one_cm":62,"minecraft:fly_one_cm":126267,"minecraft:open_chest":7,"minecraft:crouch_one_cm":1679,"minecraft:sneak_time":1042,"minecraft:play_time":97829,"tombstone:undead_killed":24,"minecraft:deaths":6,"minecraft:walk_under_water_one_cm":14760,"minecraft:jump":879,"minecraft:walk_on_water_one_cm":1142,"minecraft:total_world_time":97829,"minecraft:fall_one_cm":15793},"minecraft:picked_up":{"minecraft:wooden_pickaxe":1,"minecraft:stripped_spruce_wood":14,"minecraft:lantern":2,"minecraft:bone":11,"minecraft:bow":1,"minecraft:wheat_seeds":1,"mysticalagriculture:inferium_essence":2,"minecraft:spruce_planks":6,"minecraft:tipped_arrow":3,"minecraft:raw_iron":36,"minecraft:bowl":3,"tombstone:grave_dust":2,"minecraft:spruce_door":1,"minecraft:mossy_cobblestone":4,"mekanism:raw_osmium":14,"farmersdelight:bacon_and_eggs":1,"minecraft:arrow":13,"minecraft:rotten_flesh":4,"apocalypsenow:soldier_helmet":1,"minecraft:coal":33,"minecraft:snowball":7,"minecraft:cobblestone":55},"minecraft:broken":{"minecraft:stone_pickaxe":1,"apocalypsenow:soldier_helmet":1,"minecraft:leather_boots":1},"minecraft:killed_by":{"minecraft:skeleton":2,"apocalypsenow:runner_43":1,"apocalypsenow:looter_1":1,"apocalypsenow:runner_37":1},"minecraft:used":{"minecraft:spruce_door":1,"mysticalagriculture:imperium_sword":7,"minecraft:stone_pickaxe":133,"minecraft:wooden_pickaxe":21,"minecraft:spruce_planks":25,"minecraft:shield":24,"minecraft:zombie_spawn_egg":4,"minecraft:mossy_cobblestone":4,"minecraft:crafting_table":2,"minecraft:lingering_potion":63,"minecraft:milk_bucket":3,"farmersdelight:bacon_and_eggs":17,"apocalypsenow:soldier_helmet":1,"additionalguns:desert_eagle":49,"minecraft:lantern":1,"mekanismtools:osmium_helmet":1,"minecraft:stone_axe":28,"minecraft:diamond_sword":4,"minecraft:wooden_sword":23,"minecraft:cobblestone":34,"minecraft:furnace":1,"tombstone:gift":2,"minecraft:splash_potion":18},"minecraft:killed":{"zombie_extreme:infected_military":1,"apocalypsenow:looter_1":4,"minecraft:spider":1,"apocalypsenow:runner_39":1,"apocalypsenow:runner_35":1,"minecraft:creeper":1,"minecraft:skeleton":2,"minecraft:zombie":6,"apocalypsenow:runner_41":2,"apocalypsenow:runner_42":2,"minecraft:stray":5,"apocalypsenow:runner_44":2,"apocalypsenow:military_medic":1,"alexsmobs:fly":1,"female_zombie_:female_zombie":1,"apocalypsenow:runner_51":1,"apocalypsenow:runner_34":1}},"DataVersion":3120}