{"stats":{"minecraft:killed":{"apocalypsenow:horde_2":1,"mekanismadditions:baby_enderman":1},"minecraft:dropped":{"minecraft:bread":2,"toughasnails:water_canteen":3},"minecraft:custom":{"minecraft:time_since_rest":5790,"minecraft:waystone_activated":1,"minecraft:sprint_one_cm":27854,"minecraft:damage_taken":1487,"minecraft:walk_one_cm":104607,"minecraft:damage_blocked_by_shield":70,"minecraft:mob_kills":1,"minecraft:drop":5,"minecraft:damage_dealt":360,"minecraft:fly_one_cm":21202,"minecraft:open_chest":8,"minecraft:crouch_one_cm":1058,"minecraft:play_time":22195,"tombstone:undead_killed":1,"minecraft:deaths":2,"minecraft:sneak_time":276,"minecraft:walk_under_water_one_cm":4888,"minecraft:jump":232,"minecraft:leave_game":1,"minecraft:time_since_death":7870,"minecraft:walk_on_water_one_cm":3883,"minecraft:total_world_time":22195,"minecraft:climb_one_cm":1339,"minecraft:fall_one_cm":2219},"minecraft:killed_by":{"apocalypsenow:runner_39":1},"minecraft:picked_up":{"toughasnails:leaf_chestplate":2,"toughasnails:leaf_helmet":1,"tombstone:grave_dust":1,"toughasnails:water_canteen":3,"minecraft:rotten_flesh":12,"minecraft:wheat_seeds":2,"mysticalagriculture:inferium_essence":1,"zombie_extreme:bandage":5,"toughasnails:leaf_boots":1,"minecraft:bread":3,"projectvibrantjourneys:twigs":4,"toughasnails:leaf_leggings":1},"minecraft:mined":{"biomesoplenty:desert_grass":1,"minecraft:grass":15,"projectvibrantjourneys:short_grass":14,"projectvibrantjourneys:fallen_leaves":1},"minecraft:used":{"projectvibrantjourneys:twigs":1,"minecraft:bread":3,"minecraft:shield":1,"toughasnails:leaf_chestplate":1,"minecraft:rotten_flesh":1,"toughasnails:water_canteen":2,"minecraft:wooden_sword":38,"zombie_extreme:bandage":5}},"DataVersion":3120}