{"stats":{"minecraft:killed":{"apocalypsenow:horde_2":1,"mekanismadditions:baby_enderman":1,"apocalypsenow:walker_6":1},"minecraft:dropped":{"minecraft:bread":2,"toughasnails:water_canteen":3},"minecraft:broken":{"toughasnails:purified_water_canteen":1},"minecraft:custom":{"minecraft:time_since_rest":10271,"minecraft:waystone_activated":1,"minecraft:sprint_one_cm":62766,"minecraft:damage_taken":1637,"minecraft:walk_one_cm":155145,"minecraft:damage_blocked_by_shield":70,"minecraft:mob_kills":2,"minecraft:drop":5,"minecraft:damage_dealt":460,"minecraft:fly_one_cm":38253,"minecraft:open_chest":9,"minecraft:crouch_one_cm":1058,"minecraft:play_time":34195,"tombstone:undead_killed":2,"minecraft:deaths":3,"minecraft:sneak_time":291,"minecraft:walk_under_water_one_cm":4888,"minecraft:jump":355,"minecraft:leave_game":1,"minecraft:time_since_death":10614,"minecraft:walk_on_water_one_cm":4506,"minecraft:total_world_time":34195,"minecraft:climb_one_cm":5633,"minecraft:fall_one_cm":4433},"minecraft:killed_by":{"apocalypsenow:runner_39":1},"minecraft:picked_up":{"toughasnails:leaf_chestplate":2,"minecraft:iron_chestplate":1,"toughasnails:purified_water_canteen":1,"toughasnails:leaf_helmet":1,"additionalguns:m1014":1,"tombstone:grave_dust":1,"cgm:shell":56,"minecraft:iron_leggings":1,"mekanismtools:osmium_helmet":1,"toughasnails:water_canteen":3,"minecraft:rotten_flesh":13,"minecraft:wheat_seeds":2,"mysticalagriculture:inferium_essence":2,"zombie_extreme:bandage":5,"toughasnails:leaf_boots":1,"minecraft:bread":3,"projectvibrantjourneys:twigs":4,"toughasnails:leaf_leggings":1},"minecraft:mined":{"biomesoplenty:desert_grass":1,"minecraft:grass":15,"projectvibrantjourneys:short_grass":14,"projectvibrantjourneys:fallen_leaves":1},"minecraft:used":{"projectvibrantjourneys:twigs":1,"minecraft:bread":6,"minecraft:shield":1,"toughasnails:leaf_chestplate":1,"minecraft:rotten_flesh":1,"toughasnails:water_canteen":2,"minecraft:wooden_sword":41,"toughasnails:empty_canteen":1,"toughasnails:purified_water_canteen":3,"tombstone:gift":2,"zombie_extreme:bandage":5}},"DataVersion":3120}