{"stats":{"minecraft:killed":{"mekanismadditions:baby_enderman":1,"zombie_extreme:infected_military":1,"zombie_extreme:infected":1,"zombie_extreme:night_hunter":1,"apocalypsenow:looter_1":2,"apocalypsenow:runner_49":1,"apocalypsenow:runner_52":1,"minecraft:spider":3,"zombie_extreme:infected_juggernaut":1,"apocalypsenow:walker_3":1,"apocalypsenow:horde_2":1,"kevin_trophy:blister_zombie":1,"minecraft:skeleton":4,"apocalypsenow:runner_41":1,"apocalypsenow:runner_43":1,"apocalypsenow:runner_46":1,"apocalypsenow:runner_45":1,"apocalypsenow:runner_53":1,"apocalypsenow:runner_36":1,"alexsmobs:fly":1,"apocalypsenow:runner_38":3,"apocalypsenow:runner_51":1,"apocalypsenow:walker_6":1},"minecraft:dropped":{"minecraft:bread":2,"toughasnails:water_canteen":3,"minecraft:shears":1},"minecraft:broken":{"toughasnails:leaf_leggings":1,"toughasnails:leaf_boots":1,"toughasnails:purified_water_canteen":2,"toughasnails:leaf_helmet":1,"toughasnails:water_canteen":1},"minecraft:custom":{"minecraft:mob_kills":29,"minecraft:leave_game":2,"minecraft:time_since_death":21146,"minecraft:climb_one_cm":10459,"minecraft:time_since_rest":20753,"minecraft:waystone_activated":1,"minecraft:sprint_one_cm":141461,"minecraft:damage_taken":3044,"minecraft:walk_one_cm":277432,"minecraft:damage_blocked_by_shield":70,"minecraft:drop":6,"minecraft:damage_dealt":530,"minecraft:fly_one_cm":116500,"minecraft:open_chest":14,"minecraft:crouch_one_cm":1345,"minecraft:deaths":6,"minecraft:play_time":66973,"tombstone:undead_killed":20,"minecraft:sneak_time":391,"minecraft:walk_under_water_one_cm":8716,"minecraft:jump":858,"minecraft:walk_on_water_one_cm":11644,"minecraft:total_world_time":66973,"minecraft:fall_one_cm":12018},"minecraft:killed_by":{"apocalypsenow:runner_39":1,"zombie_extreme:infected_military":1,"minecraft:skeleton":1,"minecraft:zombie":1},"minecraft:picked_up":{"toughasnails:leaf_leggings":2,"minecraft:iron_chestplate":1,"toughasnails:leaf_helmet":1,"minecraft:gunpowder":4,"minecraft:string":2,"minecraft:dirt":7,"minecraft:iron_leggings":1,"minecraft:wheat_seeds":2,"apocalypsenow:human_flesh":2,"mysticalagriculture:inferium_essence":9,"toughasnails:leaf_boots":1,"toughasnails:leaf_chestplate":2,"minecraft:raw_iron":1,"toughasnails:purified_water_canteen":1,"additionalguns:m1014":1,"tombstone:grave_dust":1,"minecraft:spider_eye":2,"minecraft:rotten_flesh":21,"toughasnails:water_canteen":3,"cgm:shell":56,"mekanismtools:osmium_helmet":1,"minecraft:arrow":2,"zombie_extreme:bandage":5,"minecraft:shears":1,"minecraft:bread":3,"projectvibrantjourneys:twigs":4,"minecraft:cobblestone":12},"minecraft:used":{"minecraft:shield":1,"minecraft:rotten_flesh":1,"toughasnails:water_canteen":8,"toughasnails:empty_canteen":3,"minecraft:carrot":11,"zombie_extreme:bandage":5,"projectvibrantjourneys:twigs":1,"minecraft:bread":10,"toughasnails:leaf_chestplate":1,"minecraft:wooden_sword":48,"additionalguns:m1014":64,"toughasnails:purified_water_canteen":11,"tombstone:gift":2,"apocalypsenow:human_flesh":3},"minecraft:mined":{"biomesoplenty:desert_grass":1,"minecraft:grass_block":4,"projectvibrantjourneys:fallen_leaves":1,"minecraft:grass":17,"projectvibrantjourneys:short_grass":14,"minecraft:dirt":3}},"DataVersion":3120}