{
  "mca:recipes/building_blocks/headstones": {
    "criteria": {
      "has_ingredients": "2024-07-02 19:12:06 +0000"
    },
    "done": true
  },
  "cfm:recipes/cfm/stripped_oak_park_bench": {
    "criteria": {
      "has_log": "2024-07-02 19:35:05 +0000"
    },
    "done": true
  },
  "minecraft:recipes/redstone/lever": {
    "criteria": {
      "has_cobblestone": "2024-07-02 19:12:06 +0000"
    },
    "done": true
  },
  "farmersdelight:main/master_chef": {
    "criteria": {
      "bacon_and_eggs": "2024-07-02 19:39:49 +0000"
    },
    "done": false
  },
  "mekanismadditions:hurt_by_babies": {
    "criteria": {
      "baby_creeper": "2024-07-02 19:42:17 +0000"
    },
    "done": false
  },
  "minecraft:recipes/building_blocks/cobblestone_stairs_from_cobblestone_stonecutting": {
    "criteria": {
      "has_cobblestone": "2024-07-02 19:12:06 +0000"
    },
    "done": true
  },
  "tconstruct:tools/materials_and_you": {
    "criteria": {
      "crafted_book": "2024-07-02 19:11:03 +0000"
    },
    "done": true
  },
  "tconstruct:internal/starting_book": {
    "criteria": {
      "tick": "2024-07-02 19:11:03 +0000"
    },
    "done": true
  },
  "biomesoplenty:recipes/transportation/umbran_boat": {
    "criteria": {
      "in_water": "2024-07-02 19:12:26 +0000"
    },
    "done": true
  },
  "biomesoplenty:recipes/transportation/willow_boat": {
    "criteria": {
      "in_water": "2024-07-02 19:12:26 +0000"
    },
    "done": true
  },
  "biomesoplenty:recipes/transportation/palm_boat": {
    "criteria": {
      "in_water": "2024-07-02 19:12:26 +0000"
    },
    "done": true
  },
  "bunker_down:first_joined_world": {
    "criteria": {
      "first_joined_world": "2024-07-02 19:11:03 +0000"
    },
    "done": true
  },
  "vinery:grapevine_stem": {
    "criteria": {
      "has_oak_log": "2024-07-02 19:35:05 +0000"
    },
    "done": true
  },
  "vinery:stackable_log": {
    "criteria": {
      "has_oak_log": "2024-07-02 19:35:05 +0000"
    },
    "done": true
  },
  "extendedslabs:recipes/extendedslabs/vertical_cobblestone_slab": {
    "criteria": {
      "has_cobblestone": "2024-07-02 19:12:06 +0000"
    },
    "done": true
  },
  "biomesoplenty:recipes/transportation/redwood_boat": {
    "criteria": {
      "in_water": "2024-07-02 19:12:26 +0000"
    },
    "done": true
  },
  "biomesoplenty:recipes/transportation/mahogany_boat": {
    "criteria": {
      "in_water": "2024-07-02 19:12:26 +0000"
    },
    "done": true
  },
  "minecraft:recipes/decorations/chest": {
    "criteria": {
      "has_lots_of_items": "2024-07-02 19:35:05 +0000"
    },
    "done": true
  },
  "cfm:recipes/cfm/stripped_oak_crate": {
    "criteria": {
      "has_planks": "2024-07-02 19:35:05 +0000"
    },
    "done": true
  },
  "minecraft:recipes/transportation/mangrove_boat": {
    "criteria": {
      "in_water": "2024-07-02 19:12:26 +0000"
    },
    "done": true
  },
  "cfm:recipes/cfm/oak_chair": {
    "criteria": {
      "has_log": "2024-07-02 19:35:05 +0000"
    },
    "done": true
  },
  "cfm:recipes/cfm/stripped_oak_chair": {
    "criteria": {
      "has_planks": "2024-07-02 19:35:05 +0000"
    },
    "done": true
  },
  "securitycraft:recipes/securitycraft/sc_manual": {
    "criteria": {
      "has_wood": "2024-07-02 19:35:05 +0000"
    },
    "done": true
  },
  "biomesoplenty:recipes/transportation/dead_boat": {
    "criteria": {
      "in_water": "2024-07-02 19:12:26 +0000"
    },
    "done": true
  },
  "cfm:recipes/cfm/oak_crate": {
    "criteria": {
      "has_log": "2024-07-02 19:35:05 +0000"
    },
    "done": true
  },
  "mowziesmobs:root": {
    "criteria": {
      "custom_test_name": "2024-07-02 19:11:03 +0000"
    },
    "done": true
  },
  "cfm:recipes/cfm/stripped_oak_bedside_cabinet": {
    "criteria": {
      "has_planks": "2024-07-02 19:35:05 +0000"
    },
    "done": true
  },
  "minecraft:recipes/transportation/spruce_boat": {
    "criteria": {
      "in_water": "2024-07-02 19:12:26 +0000"
    },
    "done": true
  },
  "cfm:recipes/cfm/stripped_oak_table": {
    "criteria": {
      "has_planks": "2024-07-02 19:35:05 +0000"
    },
    "done": true
  },
  "minecraft:recipes/tools/stone_shovel": {
    "criteria": {
      "has_cobblestone": "2024-07-02 19:12:06 +0000"
    },
    "done": true
  },
  "minecraft:recipes/building_blocks/oak_planks": {
    "criteria": {
      "has_logs": "2024-07-02 19:35:05 +0000"
    },
    "done": true
  },
  "tombstone:adventure/root": {
    "criteria": {
      "auto": "2024-07-02 19:11:04 +0000"
    },
    "done": true
  },
  "minecraft:recipes/food/mushroom_stew": {
    "criteria": {
      "has_bowl": "2024-07-02 19:39:49 +0000"
    },
    "done": true
  },
  "ags_day_counter:day_counter_root_advancement": {
    "criteria": {
      "day_counter_root_advancement": "2024-07-02 19:11:03 +0000"
    },
    "done": true
  },
  "securitycraft:recipes/securitycraft/reinforced_andesite": {
    "criteria": {
      "has_cobblestone": "2024-07-02 19:12:06 +0000"
    },
    "done": true
  },
  "cfm:recipes/cfm/oak_kitchen_counter": {
    "criteria": {
      "has_log": "2024-07-02 19:35:05 +0000"
    },
    "done": true
  },
  "cfm:recipes/cfm/stripped_oak_kitchen_counter": {
    "criteria": {
      "has_log": "2024-07-02 19:35:05 +0000"
    },
    "done": true
  },
  "cfm:recipes/cfm/stripped_oak_kitchen_drawer": {
    "criteria": {
      "has_log": "2024-07-02 19:35:05 +0000"
    },
    "done": true
  },
  "mutantmonsters:root": {
    "criteria": {
      "killed_something": "2024-07-02 19:41:30 +0000"
    },
    "done": true
  },
  "cfm:recipes/cfm/oak_table": {
    "criteria": {
      "has_log": "2024-07-02 19:35:05 +0000"
    },
    "done": true
  },
  "cfm:recipes/cfm/oak_blinds": {
    "criteria": {
      "has_log": "2024-07-02 19:35:05 +0000"
    },
    "done": true
  },
  "minecraft:recipes/building_blocks/cobblestone_slab": {
    "criteria": {
      "has_cobblestone": "2024-07-02 19:12:06 +0000"
    },
    "done": true
  },
  "parcool:grant_parcool_guide": {
    "criteria": {
      "tick": "2024-07-02 19:11:03 +0000"
    },
    "done": true
  },
  "cfm:recipes/cfm/oak_bedside_cabinet": {
    "criteria": {
      "has_log": "2024-07-02 19:35:05 +0000"
    },
    "done": true
  },
  "minecraft:recipes/building_blocks/cobblestone_stairs": {
    "criteria": {
      "has_cobblestone": "2024-07-02 19:12:06 +0000"
    },
    "done": true
  },
  "biomesoplenty:biomesoplenty/root": {
    "criteria": {
      "crag": "2024-07-02 19:11:04 +0000"
    },
    "done": true
  },
  "biomesoplenty:recipes/transportation/magic_boat": {
    "criteria": {
      "in_water": "2024-07-02 19:12:26 +0000"
    },
    "done": true
  },
  "cfm:recipes/cfm/oak_desk": {
    "criteria": {
      "has_log": "2024-07-02 19:35:05 +0000"
    },
    "done": true
  },
  "minecraft:recipes/building_blocks/oak_wood": {
    "criteria": {
      "has_log": "2024-07-02 19:35:05 +0000"
    },
    "done": true
  },
  "biomesoplenty:recipes/transportation/cherry_boat": {
    "criteria": {
      "in_water": "2024-07-02 19:12:26 +0000"
    },
    "done": true
  },
  "incendium:technical/using/shield": {
    "criteria": {
      "log_spam_fixer": "2024-07-02 19:11:04 +0000"
    },
    "done": false
  },
  "biomesoplenty:recipes/transportation/fir_boat": {
    "criteria": {
      "in_water": "2024-07-02 19:12:26 +0000"
    },
    "done": true
  },
  "cfm:recipes/cfm/stripped_oak_desk": {
    "criteria": {
      "has_planks": "2024-07-02 19:35:05 +0000"
    },
    "done": true
  },
  "betterdungeons:root": {
    "criteria": {
      "always": "2024-07-02 19:11:03 +0000"
    },
    "done": true
  },
  "securitycraft:recipes/securitycraft/reinforced_diorite": {
    "criteria": {
      "has_cobblestone": "2024-07-02 19:12:06 +0000"
    },
    "done": true
  },
  "incendium:technical/using/trailblazer": {
    "criteria": {
      "log_spam_fixer": "2024-07-02 19:11:04 +0000"
    },
    "done": false
  },
  "minecraft:adventure/kill_a_mob": {
    "criteria": {
      "minecraft:blaze": "2024-07-02 19:43:51 +0000",
      "minecraft:pillager": "2024-07-02 19:43:51 +0000",
      "minecraft:skeleton": "2024-07-02 19:43:51 +0000",
      "minecraft:elder_guardian": "2024-07-02 19:43:51 +0000",
      "minecraft:zoglin": "2024-07-02 19:43:51 +0000",
      "minecraft:ravager": "2024-07-02 19:43:51 +0000",
      "minecraft:ghast": "2024-07-02 19:43:51 +0000",
      "minecraft:hoglin": "2024-07-02 19:43:51 +0000",
      "minecraft:guardian": "2024-07-02 19:43:51 +0000",
      "minecraft:vindicator": "2024-07-02 19:43:51 +0000",
      "minecraft:magma_cube": "2024-07-02 19:43:51 +0000",
      "minecraft:piglin_brute": "2024-07-02 19:43:51 +0000",
      "minecraft:spider": "2024-07-02 19:43:51 +0000",
      "minecraft:creeper": "2024-07-02 19:43:51 +0000",
      "minecraft:wither": "2024-07-02 19:43:51 +0000",
      "minecraft:evoker": "2024-07-02 19:43:51 +0000",
      "minecraft:slime": "2024-07-02 19:43:51 +0000",
      "minecraft:phantom": "2024-07-02 19:43:51 +0000",
      "minecraft:zombified_piglin": "2024-07-02 19:43:51 +0000",
      "minecraft:witch": "2024-07-02 19:43:51 +0000",
      "minecraft:wither_skeleton": "2024-07-02 19:43:51 +0000",
      "minecraft:husk": "2024-07-02 19:43:51 +0000",
      "minecraft:ender_dragon": "2024-07-02 19:43:51 +0000",
      "minecraft:shulker": "2024-07-02 19:43:51 +0000",
      "minecraft:cave_spider": "2024-07-02 19:43:51 +0000",
      "minecraft:piglin": "2024-07-02 19:43:51 +0000",
      "minecraft:enderman": "2024-07-02 19:43:51 +0000",
      "minecraft:silverfish": "2024-07-02 19:43:51 +0000",
      "minecraft:stray": "2024-07-02 19:43:51 +0000",
      "minecraft:endermite": "2024-07-02 19:43:51 +0000",
      "minecraft:vex": "2024-07-02 19:43:51 +0000",
      "minecraft:zombie": "2024-07-02 19:43:51 +0000",
      "minecraft:drowned": "2024-07-02 19:43:51 +0000",
      "minecraft:zombie_villager": "2024-07-02 19:43:51 +0000"
    },
    "done": true
  },
  "incendium:technical/scroll_of_returning": {
    "criteria": {
      "log_spam_fixer": "2024-07-02 19:11:04 +0000"
    },
    "done": false
  },
  "cfm:recipes/cfm/oak_cabinet": {
    "criteria": {
      "has_log": "2024-07-02 19:35:05 +0000"
    },
    "done": true
  },
  "biomesoplenty:biomesoplenty/all_biomes": {
    "criteria": {
      "highland": "2024-07-02 19:41:39 +0000",
      "maple_woods": "2024-07-02 19:44:08 +0000",
      "spider_nest": "2024-07-02 19:32:18 +0000",
      "crag": "2024-07-02 19:11:04 +0000"
    },
    "done": false
  },
  "minecraft:story/mine_stone": {
    "criteria": {
      "get_stone": "2024-07-02 19:12:06 +0000"
    },
    "done": true
  },
  "minecraft:recipes/building_blocks/stone": {
    "criteria": {
      "has_cobblestone": "2024-07-02 19:12:06 +0000"
    },
    "done": true
  },
  "minecraft:recipes/decorations/furnace": {
    "criteria": {
      "has_cobblestone": "2024-07-02 19:12:06 +0000"
    },
    "done": true
  },
  "biomesoplenty:recipes/transportation/hellbark_boat": {
    "criteria": {
      "in_water": "2024-07-02 19:12:26 +0000"
    },
    "done": true
  },
  "minecraft:adventure/adventuring_time": {
    "criteria": {
      "minecraft:deep_dark": "2024-07-02 19:11:57 +0000"
    },
    "done": false
  },
  "minecraft:recipes/misc/charcoal": {
    "criteria": {
      "has_log": "2024-07-02 19:35:05 +0000"
    },
    "done": true
  },
  "incendium:technical/using/ragnarok": {
    "criteria": {
      "log_spam_fixer": "2024-07-02 19:11:04 +0000"
    },
    "done": false
  },
  "minecraft:recipes/building_blocks/cobblestone_slab_from_cobblestone_stonecutting": {
    "criteria": {
      "has_cobblestone": "2024-07-02 19:12:06 +0000"
    },
    "done": true
  },
  "minecraft:husbandry/root": {
    "criteria": {
      "consumed_item": "2024-07-02 19:39:49 +0000"
    },
    "done": true
  },
  "minecraft:recipes/transportation/birch_boat": {
    "criteria": {
      "in_water": "2024-07-02 19:12:26 +0000"
    },
    "done": true
  },
  "farmersdelight:recipes/farmersdelight/nether_salad": {
    "criteria": {
      "has_bowl": "2024-07-02 19:39:49 +0000"
    },
    "done": true
  },
  "minecraft:recipes/combat/stone_sword": {
    "criteria": {
      "has_cobblestone": "2024-07-02 19:12:06 +0000"
    },
    "done": true
  },
  "minecraft:recipes/decorations/cobblestone_wall": {
    "criteria": {
      "has_cobblestone": "2024-07-02 19:12:06 +0000"
    },
    "done": true
  },
  "cfm:recipes/cfm/oak_kitchen_drawer": {
    "criteria": {
      "has_log": "2024-07-02 19:35:05 +0000"
    },
    "done": true
  },
  "incendium:technical/new_player": {
    "criteria": {
      "requirement": "2024-07-02 19:11:03 +0000"
    },
    "done": true
  },
  "cfm:recipes/cfm/stripped_oak_coffee_table": {
    "criteria": {
      "has_planks": "2024-07-02 19:35:05 +0000"
    },
    "done": true
  },
  "minecraft:recipes/transportation/acacia_boat": {
    "criteria": {
      "in_water": "2024-07-02 19:12:26 +0000"
    },
    "done": true
  },
  "cfm:recipes/cfm/stripped_oak_cabinet": {
    "criteria": {
      "has_log": "2024-07-02 19:35:05 +0000"
    },
    "done": true
  },
  "minecraft:recipes/tools/stone_pickaxe": {
    "criteria": {
      "has_cobblestone": "2024-07-02 19:12:06 +0000"
    },
    "done": true
  },
  "cfm:recipes/cfm/oak_desk_cabinet": {
    "criteria": {
      "has_log": "2024-07-02 19:35:05 +0000"
    },
    "done": true
  },
  "minecraft:adventure/root": {
    "criteria": {
      "killed_something": "2024-07-02 19:41:30 +0000"
    },
    "done": true
  },
  "minecraft:recipes/transportation/jungle_boat": {
    "criteria": {
      "in_water": "2024-07-02 19:12:26 +0000"
    },
    "done": true
  },
  "minecraft:recipes/decorations/cobblestone_wall_from_cobblestone_stonecutting": {
    "criteria": {
      "has_cobblestone": "2024-07-02 19:12:06 +0000"
    },
    "done": true
  },
  "minecraft:adventure/shoot_arrow": {
    "criteria": {
      "shot_arrow": "2024-07-02 19:43:51 +0000"
    },
    "done": true
  },
  "farmersdelight:main/root": {
    "criteria": {
      "seeds": "2024-07-02 19:11:02 +0000"
    },
    "done": true
  },
  "minecraft:recipes/tools/stone_hoe": {
    "criteria": {
      "has_cobblestone": "2024-07-02 19:12:06 +0000"
    },
    "done": true
  },
  "minecraft:recipes/transportation/dark_oak_boat": {
    "criteria": {
      "in_water": "2024-07-02 19:12:26 +0000"
    },
    "done": true
  },
  "cfm:recipes/cfm/stripped_oak_desk_cabinet": {
    "criteria": {
      "has_planks": "2024-07-02 19:35:05 +0000"
    },
    "done": true
  },
  "minecraft:adventure/kill_all_mobs": {
    "criteria": {
      "minecraft:zombie": "2024-07-02 19:44:36 +0000"
    },
    "done": false
  },
  "extendedslabs:recipes/building_blocks/vertical_cobblestone_slab_to_cobblestone_slab": {
    "criteria": {
      "has_item": "2024-07-02 19:31:57 +0000"
    },
    "done": true
  },
  "cfm:recipes/cfm/oak_upgraded_gate": {
    "criteria": {
      "has_log": "2024-07-02 19:35:05 +0000"
    },
    "done": true
  },
  "mekanism:root": {
    "criteria": {
      "automatic": "2024-07-02 19:11:02 +0000"
    },
    "done": true
  },
  "dungeons_arise:wda_root": {
    "criteria": {
      "WDA": "2024-07-02 19:11:03 +0000"
    },
    "done": true
  },
  "farmersdelight:main/eat_nourishing_food": {
    "criteria": {
      "nourishment": "2024-07-02 19:39:49 +0000"
    },
    "done": true
  },
  "farmersdelight:recipes/farmersdelight/mixed_salad": {
    "criteria": {
      "has_bowl": "2024-07-02 19:39:49 +0000"
    },
    "done": true
  },
  "biomesoplenty:recipes/transportation/jacaranda_boat": {
    "criteria": {
      "in_water": "2024-07-02 19:12:26 +0000"
    },
    "done": true
  },
  "cfm:recipes/cfm/oak_upgraded_fence": {
    "criteria": {
      "has_log": "2024-07-02 19:35:05 +0000"
    },
    "done": true
  },
  "extendedslabs:recipes/extendedslabs/cobblestone_vertical_slab_from_cobblestone_stonecutting": {
    "criteria": {
      "has_cobblestone": "2024-07-02 19:12:06 +0000"
    },
    "done": true
  },
  "minecraft:recipes/transportation/oak_boat": {
    "criteria": {
      "in_water": "2024-07-02 19:12:26 +0000"
    },
    "done": true
  },
  "minecraft:recipes/tools/stone_axe": {
    "criteria": {
      "has_cobblestone": "2024-07-02 19:12:06 +0000"
    },
    "done": true
  },
  "majruszsdifficulty:game_stage_normal": {
    "criteria": {
      "is_triggered": "2024-07-02 19:11:02 +0000"
    },
    "done": true
  },
  "cfm:recipes/cfm/oak_park_bench": {
    "criteria": {
      "has_log": "2024-07-02 19:35:05 +0000"
    },
    "done": true
  },
  "cfm:recipes/cfm/oak_coffee_table": {
    "criteria": {
      "has_log": "2024-07-02 19:35:05 +0000"
    },
    "done": true
  },
  "DataVersion": 3120
}