{
  "minecraft:recipes/tools/fishing_rod": {
    "criteria": {
      "has_string": "2024-07-02 21:56:11 +0000"
    },
    "done": true
  },
  "cfm:recipes/cfm/white_kitchen_sink": {
    "criteria": {
      "has_top": "2024-07-02 21:55:17 +0000"
    },
    "done": true
  },
  "vinery:birch_wine_rack_small": {
    "criteria": {
      "has_birch_planks": "2024-07-02 21:53:41 +0000"
    },
    "done": true
  },
  "minecraft:recipes/redstone/lever": {
    "criteria": {
      "has_cobblestone": "2024-07-02 21:41:53 +0000"
    },
    "done": true
  },
  "minecraft:recipes/building_blocks/cobblestone_stairs_from_cobblestone_stonecutting": {
    "criteria": {
      "has_cobblestone": "2024-07-02 21:41:53 +0000"
    },
    "done": true
  },
  "travelersbackpack:recipes/travelersbackpack/red_sleeping_bag": {
    "criteria": {
      "has_red_wool": "2024-07-02 22:31:17 +0000"
    },
    "done": true
  },
  "farmersdelight:recipes/farmersdelight/organic_compost_from_rotten_flesh": {
    "criteria": {
      "has_rotten_flesh": "2024-07-02 21:45:01 +0000"
    },
    "done": true
  },
  "cfm:recipes/cfm/white_cooler": {
    "criteria": {
      "has_terracotta": "2024-07-02 21:55:17 +0000"
    },
    "done": true
  },
  "minecraft:recipes/building_blocks/stone_bricks": {
    "criteria": {
      "has_stone": "2024-07-02 21:49:52 +0000"
    },
    "done": true
  },
  "cfm:recipes/cfm/birch_kitchen_sink_light": {
    "criteria": {
      "has_bottom": "2024-07-02 21:53:41 +0000"
    },
    "done": true
  },
  "tconstruct:tools/materials_and_you": {
    "criteria": {
      "crafted_book": "2024-07-02 21:38:45 +0000"
    },
    "done": true
  },
  "tconstruct:internal/starting_book": {
    "criteria": {
      "tick": "2024-07-02 21:38:45 +0000"
    },
    "done": true
  },
  "additionalguns:recipes/additionalguns/unica": {
    "criteria": {
      "has_planks": "2024-07-02 21:47:04 +0000"
    },
    "done": true
  },
  "additionalguns:recipes/additionalguns/akm": {
    "criteria": {
      "has_planks": "2024-07-02 21:47:04 +0000"
    },
    "done": true
  },
  "vinery:vinemaker_leggings": {
    "criteria": {
      "has_gold_ingot": "2024-07-02 21:49:48 +0000"
    },
    "done": true
  },
  "mca:recipes/misc/needle_and_thread": {
    "criteria": {
      "has_item": "2024-07-02 21:56:11 +0000"
    },
    "done": true
  },
  "bunker_down:first_joined_world": {
    "criteria": {
      "first_joined_world": "2024-07-02 21:38:46 +0000"
    },
    "done": true
  },
  "travelersbackpack:recipes/travelersbackpack/gold": {
    "criteria": {
      "has_gold_ingot": "2024-07-02 21:49:48 +0000"
    },
    "done": true
  },
  "cfm:recipes/cfm/birch_upgraded_gate": {
    "criteria": {
      "has_log": "2024-07-02 21:53:37 +0000"
    },
    "done": true
  },
  "projectarsenal:recipes/projectarsenal/golden_hawk": {
    "criteria": {
      "has_gold_ingots": "2024-07-02 21:49:48 +0000"
    },
    "done": true
  },
  "minecraft:recipes/combat/leather_helmet": {
    "criteria": {
      "has_leather": "2024-07-02 21:56:08 +0000"
    },
    "done": true
  },
  "minecraft:recipes/redstone/birch_pressure_plate": {
    "criteria": {
      "has_planks": "2024-07-02 21:53:41 +0000"
    },
    "done": true
  },
  "minecraft:recipes/decorations/campfire": {
    "criteria": {
      "has_stick": "2024-07-02 21:43:13 +0000",
      "has_the_recipe": "2024-07-02 21:43:13 +0000"
    },
    "done": true
  },
  "minecraft:recipes/decorations/crafting_table": {
    "criteria": {
      "has_planks": "2024-07-02 21:47:04 +0000"
    },
    "done": true
  },
  "minecraft:recipes/decorations/candle": {
    "criteria": {
      "has_string": "2024-07-02 21:56:11 +0000"
    },
    "done": true
  },
  "minecraft:recipes/tools/golden_hoe": {
    "criteria": {
      "has_gold_ingot": "2024-07-02 21:49:48 +0000"
    },
    "done": true
  },
  "cfm:recipes/cfm/birch_desk": {
    "criteria": {
      "has_log": "2024-07-02 21:53:37 +0000"
    },
    "done": true
  },
  "extendedslabs:recipes/extendedslabs/vertical_cobblestone_slab": {
    "criteria": {
      "has_cobblestone": "2024-07-02 21:41:53 +0000"
    },
    "done": true
  },
  "vinery:cherry_fence": {
    "criteria": {
      "has_stick": "2024-07-02 21:43:13 +0000"
    },
    "done": true
  },
  "additionalguns:recipes/additionalguns/ak74": {
    "criteria": {
      "has_planks": "2024-07-02 21:47:04 +0000"
    },
    "done": true
  },
  "minecraft:recipes/building_blocks/smooth_stone": {
    "criteria": {
      "has_stone": "2024-07-02 21:49:52 +0000"
    },
    "done": true
  },
  "minecraft:recipes/decorations/ladder": {
    "criteria": {
      "has_stick": "2024-07-02 21:43:13 +0000"
    },
    "done": true
  },
  "minecraft:recipes/decorations/chest": {
    "criteria": {
      "has_lots_of_items": "2024-07-02 21:42:12 +0000"
    },
    "done": true
  },
  "minecraft:recipes/combat/golden_sword": {
    "criteria": {
      "has_gold_ingot": "2024-07-02 21:49:48 +0000"
    },
    "done": true
  },
  "minecraft:recipes/building_blocks/stone_slab_from_stone_stonecutting": {
    "criteria": {
      "has_stone": "2024-07-02 21:49:52 +0000"
    },
    "done": true
  },
  "extendedslabs:recipes/extendedslabs/vertical_birch_slab": {
    "criteria": {
      "has_birch_planks": "2024-07-02 21:53:41 +0000"
    },
    "done": true
  },
  "minecraft:recipes/building_blocks/chiseled_stone_bricks_stone_from_stonecutting": {
    "criteria": {
      "has_stone": "2024-07-02 21:49:52 +0000"
    },
    "done": true
  },
  "projectarsenal:recipes/projectarsenal/akx": {
    "criteria": {
      "has_planks": "2024-07-02 21:47:04 +0000"
    },
    "done": true
  },
  "cfm:recipes/cfm/stripped_birch_bedside_cabinet": {
    "criteria": {
      "has_planks": "2024-07-02 21:53:37 +0000"
    },
    "done": true
  },
  "minecraft:recipes/tools/wooden_shovel": {
    "criteria": {
      "has_stick": "2024-07-02 21:43:13 +0000"
    },
    "done": true
  },
  "travelersbackpack:recipes/travelersbackpack/spider": {
    "criteria": {
      "has_string": "2024-07-02 21:56:11 +0000"
    },
    "done": true
  },
  "cfm:recipes/cfm/oak_crate": {
    "criteria": {
      "has_planks": "2024-07-02 21:47:04 +0000"
    },
    "done": true
  },
  "cfm:recipes/cfm/trampoline": {
    "criteria": {
      "has_wool": "2024-07-02 22:31:17 +0000"
    },
    "done": true
  },
  "minecraft:recipes/misc/stick": {
    "criteria": {
      "has_planks": "2024-07-02 21:47:04 +0000"
    },
    "done": true
  },
  "cfm:recipes/cfm/rock_path": {
    "criteria": {
      "has_stone": "2024-07-02 21:49:52 +0000"
    },
    "done": true
  },
  "cfm:recipes/cfm/stripped_birch_kitchen_counter": {
    "criteria": {
      "has_log": "2024-07-02 21:53:37 +0000"
    },
    "done": true
  },
  "minecraft:recipes/building_blocks/stone_brick_slab_from_stone_stonecutting": {
    "criteria": {
      "has_stone": "2024-07-02 21:49:52 +0000"
    },
    "done": true
  },
  "tombstone:adventure/cancel_ghostly_shape": {
    "criteria": {
      "coded_trigger": "2024-07-02 22:23:53 +0000"
    },
    "done": true
  },
  "vinery:oak_wine_rack_small": {
    "criteria": {
      "has_oak_planks": "2024-07-02 21:47:04 +0000"
    },
    "done": true
  },
  "cfm:recipes/cfm/dark_oak_desk": {
    "criteria": {
      "has_log": "2024-07-03 04:00:05 +0000"
    },
    "done": true
  },
  "cfm:recipes/cfm/dark_oak_kitchen_drawer": {
    "criteria": {
      "has_log": "2024-07-03 04:00:05 +0000"
    },
    "done": true
  },
  "minecraft:recipes/building_blocks/emerald_block": {
    "criteria": {
      "has_emerald": "2024-07-02 21:43:16 +0000"
    },
    "done": true
  },
  "tombstone:adventure/chain_death": {
    "criteria": {
      "coded_trigger": "2024-07-02 22:30:53 +0000"
    },
    "done": true
  },
  "minecraft:recipes/building_blocks/dark_oak_planks": {
    "criteria": {
      "has_log": "2024-07-03 04:00:05 +0000"
    },
    "done": true
  },
  "cfm:recipes/cfm/oak_kitchen_counter": {
    "criteria": {
      "has_planks": "2024-07-02 21:47:04 +0000"
    },
    "done": true
  },
  "minecraft:recipes/misc/gold_nugget": {
    "criteria": {
      "has_gold_ingot": "2024-07-02 21:49:48 +0000"
    },
    "done": true
  },
  "tombstone:adventure/find_grave_dust": {
    "criteria": {
      "from_undead": "2024-07-03 04:00:22 +0000"
    },
    "done": true
  },
  "travelersbackpack:recipes/travelersbackpack/emerald": {
    "criteria": {
      "has_emerald": "2024-07-02 21:43:16 +0000"
    },
    "done": true
  },
  "mutantmonsters:root": {
    "criteria": {
      "killed_something": "2024-07-02 21:44:55 +0000"
    },
    "done": true
  },
  "minecraft:husbandry/balanced_diet": {
    "criteria": {
      "bread": "2024-07-02 21:57:37 +0000"
    },
    "done": false
  },
  "minecraft:recipes/tools/wooden_hoe": {
    "criteria": {
      "has_stick": "2024-07-02 21:43:13 +0000"
    },
    "done": true
  },
  "minecraft:recipes/brewing/golden_carrot": {
    "criteria": {
      "has_gold_nugget": "2024-07-02 21:49:53 +0000"
    },
    "done": true
  },
  "tombstone:recipes/from_grave_key": {
    "criteria": {
      "has_ingredient": "2024-07-02 21:50:32 +0000"
    },
    "done": true
  },
  "minecraft:recipes/building_blocks/cobblestone_slab": {
    "criteria": {
      "has_cobblestone": "2024-07-02 21:41:53 +0000"
    },
    "done": true
  },
  "cfm:recipes/cfm/birch_park_bench": {
    "criteria": {
      "has_log": "2024-07-02 21:53:37 +0000"
    },
    "done": true
  },
  "vinery:grapevine_lattice": {
    "criteria": {
      "has_stick": "2024-07-02 21:43:13 +0000"
    },
    "done": true
  },
  "parcool:grant_parcool_guide": {
    "criteria": {
      "tick": "2024-07-02 21:38:45 +0000"
    },
    "done": true
  },
  "projectvibrantjourneys:recipes/building_blocks/oak_planks": {
    "criteria": {
      "has_logs": "2024-07-02 21:46:52 +0000"
    },
    "done": true
  },
  "cfm:recipes/cfm/oak_bedside_cabinet": {
    "criteria": {
      "has_planks": "2024-07-02 21:47:04 +0000"
    },
    "done": true
  },
  "minecraft:recipes/building_blocks/cobblestone_stairs": {
    "criteria": {
      "has_cobblestone": "2024-07-02 21:41:53 +0000"
    },
    "done": true
  },
  "cfm:recipes/cfm/oak_kitchen_sink_dark": {
    "criteria": {
      "has_bottom": "2024-07-02 21:47:04 +0000"
    },
    "done": true
  },
  "cfm:recipes/cfm/birch_crate": {
    "criteria": {
      "has_log": "2024-07-02 21:53:37 +0000"
    },
    "done": true
  },
  "minecraft:recipes/building_blocks/birch_slab": {
    "criteria": {
      "has_planks": "2024-07-02 21:53:41 +0000"
    },
    "done": true
  },
  "extendedslabs:recipes/extendedslabs/vertical_black_glazed_terracotta_slab": {
    "criteria": {
      "has_black_glazed_terracotta": "2024-07-02 22:31:22 +0000"
    },
    "done": true
  },
  "cfm:recipes/cfm/stripped_birch_chair": {
    "criteria": {
      "has_planks": "2024-07-02 21:53:37 +0000"
    },
    "done": true
  },
  "advancednetherite:recipes/advancednetherite.tab/netherite_emerald_ingot": {
    "criteria": {
      "has_TagKey[minecraft:item / forge:gems/emerald]": "2024-07-02 21:43:16 +0000"
    },
    "done": true
  },
  "vinery:birch_wine_rack_big": {
    "criteria": {
      "has_birch_planks": "2024-07-02 21:53:41 +0000"
    },
    "done": true
  },
  "cfm:recipes/cfm/stripped_dark_oak_park_bench": {
    "criteria": {
      "has_log": "2024-07-03 04:00:05 +0000"
    },
    "done": true
  },
  "cfm:recipes/cfm/stripped_dark_oak_kitchen_counter": {
    "criteria": {
      "has_log": "2024-07-03 04:00:05 +0000"
    },
    "done": true
  },
  "tombstone:adventure/first_grave": {
    "criteria": {
      "coded_trigger": "2024-07-02 21:50:31 +0000"
    },
    "done": true
  },
  "projectarsenal:recipes/projectarsenal/desert_eagle_classic": {
    "criteria": {
      "has_emerald": "2024-07-02 21:43:16 +0000"
    },
    "done": true
  },
  "extendedslabs:recipes/extendedslabs/white_terracotta_slab": {
    "criteria": {
      "has_white_terracotta": "2024-07-02 21:55:17 +0000"
    },
    "done": true
  },
  "projectarsenal:recipes/projectarsenal/ar15_classic": {
    "criteria": {
      "has_planks": "2024-07-02 21:47:04 +0000"
    },
    "done": true
  },
  "incendium:technical/using/shield": {
    "criteria": {
      "log_spam_fixer": "2024-07-02 21:38:47 +0000"
    },
    "done": false
  },
  "cfm:recipes/cfm/stripped_dark_oak_bedside_cabinet": {
    "criteria": {
      "has_planks": "2024-07-03 04:00:05 +0000"
    },
    "done": true
  },
  "cfm:recipes/cfm/stripped_birch_table": {
    "criteria": {
      "has_planks": "2024-07-02 21:53:37 +0000"
    },
    "done": true
  },
  "minecraft:recipes/misc/leather_horse_armor": {
    "criteria": {
      "has_leather": "2024-07-02 21:56:08 +0000"
    },
    "done": true
  },
  "minecraft:recipes/decorations/white_glazed_terracotta": {
    "criteria": {
      "has_white_terracotta": "2024-07-02 21:55:17 +0000"
    },
    "done": true
  },
  "minecraft:recipes/combat/leather_leggings": {
    "criteria": {
      "has_leather": "2024-07-02 21:56:08 +0000"
    },
    "done": true
  },
  "minecraft:recipes/tools/golden_shovel": {
    "criteria": {
      "has_gold_ingot": "2024-07-02 21:49:48 +0000"
    },
    "done": true
  },
  "minecraft:recipes/combat/bow": {
    "criteria": {
      "has_string": "2024-07-02 21:56:11 +0000"
    },
    "done": true
  },
  "minecraft:recipes/redstone/oak_fence_gate": {
    "criteria": {
      "has_planks": "2024-07-02 21:47:04 +0000"
    },
    "done": true
  },
  "travelersbackpack:recipes/travelersbackpack/gold_tier_upgrade": {
    "criteria": {
      "has_gold_ingot": "2024-07-02 21:49:48 +0000"
    },
    "done": true
  },
  "extendedslabs:recipes/extendedslabs/vertical_red_wool_slab": {
    "criteria": {
      "has_red_wool": "2024-07-02 22:31:17 +0000"
    },
    "done": true
  },
  "incendium:technical/using/trailblazer": {
    "criteria": {
      "log_spam_fixer": "2024-07-02 21:38:47 +0000"
    },
    "done": false
  },
  "additionalguns:recipes/additionalguns/bullet_heavy": {
    "criteria": {
      "has_gold_nugget": "2024-07-02 21:49:53 +0000"
    },
    "done": true
  },
  "cfm:recipes/cfm/dark_oak_cabinet": {
    "criteria": {
      "has_log": "2024-07-03 04:00:05 +0000"
    },
    "done": true
  },
  "minecraft:recipes/building_blocks/stone_stairs_from_stone_stonecutting": {
    "criteria": {
      "has_stone": "2024-07-02 21:49:52 +0000"
    },
    "done": true
  },
  "cfm:recipes/cfm/birch_blinds": {
    "criteria": {
      "has_log": "2024-07-02 21:53:37 +0000"
    },
    "done": true
  },
  "additionalguns:recipes/additionalguns/bullet_medium": {
    "criteria": {
      "has_gold_nugget": "2024-07-02 21:49:53 +0000"
    },
    "done": true
  },
  "incendium:technical/scroll_of_returning": {
    "criteria": {
      "log_spam_fixer": "2024-07-02 21:38:47 +0000"
    },
    "done": false
  },
  "minecraft:recipes/building_blocks/gold_block": {
    "criteria": {
      "has_gold_ingot": "2024-07-02 21:49:48 +0000"
    },
    "done": true
  },
  "additionalguns:recipes/additionalguns/aks74u": {
    "criteria": {
      "has_planks": "2024-07-02 21:47:04 +0000"
    },
    "done": true
  },
  "additionalguns:recipes/additionalguns/bullet_long": {
    "criteria": {
      "has_gold_nugget": "2024-07-02 21:49:53 +0000"
    },
    "done": true
  },
  "extendedslabs:recipes/extendedslabs/stone_brick_vertical_slab_from_stone_stonecutting": {
    "criteria": {
      "has_stone": "2024-07-02 21:49:52 +0000"
    },
    "done": true
  },
  "cfm:recipes/cfm/dark_oak_upgraded_fence": {
    "criteria": {
      "has_log": "2024-07-03 04:00:05 +0000"
    },
    "done": true
  },
  "minecraft:story/mine_stone": {
    "criteria": {
      "get_stone": "2024-07-02 21:41:53 +0000"
    },
    "done": true
  },
  "cfm:recipes/cfm/dark_oak_crate": {
    "criteria": {
      "has_log": "2024-07-03 04:00:05 +0000"
    },
    "done": true
  },
  "minecraft:recipes/decorations/furnace": {
    "criteria": {
      "has_cobblestone": "2024-07-02 21:41:53 +0000"
    },
    "done": true
  },
  "additionalguns:recipes/additionalguns/schwarzlose": {
    "criteria": {
      "has_oak_planks": "2024-07-02 21:47:04 +0000"
    },
    "done": true
  },
  "minecraft:recipes/misc/charcoal": {
    "criteria": {
      "has_log": "2024-07-02 21:46:52 +0000"
    },
    "done": true
  },
  "minecraft:adventure/sleep_in_bed": {
    "criteria": {
      "slept_in_bed": "2024-07-02 21:48:01 +0000"
    },
    "done": true
  },
  "extendedslabs:recipes/extendedslabs/vertical_stone_slab": {
    "criteria": {
      "has_stone": "2024-07-02 21:49:52 +0000"
    },
    "done": true
  },
  "minecraft:recipes/tools/wooden_pickaxe": {
    "criteria": {
      "has_stick": "2024-07-02 21:43:13 +0000"
    },
    "done": true
  },
  "minecraft:recipes/building_blocks/cobblestone_slab_from_cobblestone_stonecutting": {
    "criteria": {
      "has_cobblestone": "2024-07-02 21:41:53 +0000"
    },
    "done": true
  },
  "minecraft:husbandry/root": {
    "criteria": {
      "consumed_item": "2024-07-02 21:56:53 +0000"
    },
    "done": true
  },
  "minecraft:recipes/food/golden_apple": {
    "criteria": {
      "has_gold_ingot": "2024-07-02 21:49:48 +0000"
    },
    "done": true
  },
  "minecraft:recipes/building_blocks/oak_stairs": {
    "criteria": {
      "has_planks": "2024-07-02 21:47:04 +0000"
    },
    "done": true
  },
  "securitycraft:recipes/securitycraft/sonic_security_system": {
    "criteria": {
      "has_stick": "2024-07-02 21:43:13 +0000"
    },
    "done": true
  },
  "cfm:recipes/cfm/oak_kitchen_drawer": {
    "criteria": {
      "has_planks": "2024-07-02 21:47:04 +0000"
    },
    "done": true
  },
  "minecraft:recipes/decorations/red_carpet": {
    "criteria": {
      "has_red_wool": "2024-07-02 22:31:17 +0000"
    },
    "done": true
  },
  "cfm:recipes/cfm/stripped_dark_oak_table": {
    "criteria": {
      "has_planks": "2024-07-03 04:00:05 +0000"
    },
    "done": true
  },
  "minecraft:recipes/building_blocks/dark_oak_wood": {
    "criteria": {
      "has_log": "2024-07-03 04:00:05 +0000"
    },
    "done": true
  },
  "cfm:recipes/cfm/stripped_dark_oak_chair": {
    "criteria": {
      "has_planks": "2024-07-03 04:00:05 +0000"
    },
    "done": true
  },
  "cfm:recipes/cfm/stripped_dark_oak_desk": {
    "criteria": {
      "has_planks": "2024-07-03 04:00:05 +0000"
    },
    "done": true
  },
  "farmersdelight:recipes/farmersdelight/cutting_board": {
    "criteria": {
      "has_stick": "2024-07-02 21:43:13 +0000"
    },
    "done": true
  },
  "minecraft:recipes/decorations/birch_sign": {
    "criteria": {
      "has_planks": "2024-07-02 21:53:41 +0000"
    },
    "done": true
  },
  "cfm:recipes/cfm/stripped_dark_oak_coffee_table": {
    "criteria": {
      "has_planks": "2024-07-03 04:00:05 +0000"
    },
    "done": true
  },
  "minecraft:adventure/root": {
    "criteria": {
      "killed_something": "2024-07-02 21:44:55 +0000"
    },
    "done": true
  },
  "extendedslabs:recipes/extendedslabs/red_wool_slab": {
    "criteria": {
      "has_red_wool": "2024-07-02 22:31:17 +0000"
    },
    "done": true
  },
  "dungeons_arise:find_infested_temple": {
    "criteria": {
      "location0": "2024-07-02 21:38:47 +0000"
    },
    "done": true
  },
  "ava:recipes/decorations/cobweb": {
    "criteria": {
      "has_string": "2024-07-02 21:56:11 +0000"
    },
    "done": true
  },
  "farmersdelight:main/root": {
    "criteria": {
      "seeds": "2024-07-02 21:38:45 +0000"
    },
    "done": true
  },
  "minecraft:recipes/decorations/item_frame": {
    "criteria": {
      "has_leather": "2024-07-02 21:56:08 +0000"
    },
    "done": true
  },
  "minecraft:recipes/building_blocks/stone_brick_stairs_from_stone_stonecutting": {
    "criteria": {
      "has_stone": "2024-07-02 21:49:52 +0000"
    },
    "done": true
  },
  "minecraft:recipes/tools/stone_hoe": {
    "criteria": {
      "has_cobblestone": "2024-07-02 21:41:53 +0000"
    },
    "done": true
  },
  "minecraft:recipes/building_blocks/white_wool_from_string": {
    "criteria": {
      "has_string": "2024-07-02 21:56:11 +0000"
    },
    "done": true
  },
  "cfm:recipes/cfm/dark_oak_coffee_table": {
    "criteria": {
      "has_log": "2024-07-03 04:00:05 +0000"
    },
    "done": true
  },
  "mekanism:root": {
    "criteria": {
      "automatic": "2024-07-02 21:38:45 +0000"
    },
    "done": true
  },
  "minecraft:recipes/building_blocks/birch_wood": {
    "criteria": {
      "has_log": "2024-07-02 21:53:37 +0000"
    },
    "done": true
  },
  "projectarsenal:recipes/projectarsenal/special_muzzle_break": {
    "criteria": {
      "has_emerald": "2024-07-02 21:43:16 +0000"
    },
    "done": true
  },
  "farmersdelight:recipes/farmersdelight/cooking/dog_food": {
    "criteria": {
      "has_any_ingredient": "2024-07-02 21:45:01 +0000"
    },
    "done": true
  },
  "cfm:recipes/cfm/stripped_birch_desk": {
    "criteria": {
      "has_planks": "2024-07-02 21:53:37 +0000"
    },
    "done": true
  },
  "minecraft:recipes/misc/iron_nugget_from_smelting": {
    "criteria": {
      "has_iron_pickaxe": "2024-07-02 21:49:50 +0000"
    },
    "done": true
  },
  "additionalguns:recipes/additionalguns/over_under": {
    "criteria": {
      "has_planks": "2024-07-02 21:47:04 +0000"
    },
    "done": true
  },
  "minecraft:recipes/redstone/birch_door": {
    "criteria": {
      "has_planks": "2024-07-02 21:53:41 +0000"
    },
    "done": true
  },
  "cfm:recipes/cfm/white_grill": {
    "criteria": {
      "has_terracotta": "2024-07-02 21:55:17 +0000"
    },
    "done": true
  },
  "plastic_from_ava:recipes/survival/plastic": {
    "criteria": {
      "has_leather": "2024-07-02 21:56:08 +0000"
    },
    "done": true
  },
  "minecraft:recipes/misc/gold_ingot_from_nuggets": {
    "criteria": {
      "has_gold_nugget": "2024-07-02 21:49:53 +0000"
    },
    "done": true
  },
  "tombstone:adventure/first_knowledge": {
    "criteria": {
      "coded_trigger": "2024-07-02 22:24:20 +0000"
    },
    "done": true
  },
  "minecraft:recipes/decorations/oak_fence": {
    "criteria": {
      "has_planks": "2024-07-02 21:47:04 +0000"
    },
    "done": true
  },
  "ags_day_counter:firts_day_advancement": {
    "criteria": {
      "firts_day_advancement": "2024-07-02 21:49:40 +0000"
    },
    "done": true
  },
  "advancednetherite:recipes/advancednetherite.tab/netherite_gold_ingot": {
    "criteria": {
      "has_TagKey[minecraft:item / forge:ingots/gold]": "2024-07-02 21:49:48 +0000"
    },
    "done": true
  },
  "minecraft:recipes/decorations/birch_fence": {
    "criteria": {
      "has_planks": "2024-07-02 21:53:41 +0000"
    },
    "done": true
  },
  "projectarsenal:recipes/projectarsenal/r2_suppressor": {
    "criteria": {
      "has_emerald": "2024-07-02 21:43:16 +0000"
    },
    "done": true
  },
  "minecraft:recipes/building_blocks/oak_slab": {
    "criteria": {
      "has_planks": "2024-07-02 21:47:04 +0000"
    },
    "done": true
  },
  "majruszsdifficulty:game_stage_normal": {
    "criteria": {
      "is_triggered": "2024-07-02 21:38:45 +0000"
    },
    "done": true
  },
  "cfm:recipes/cfm/oak_park_bench": {
    "criteria": {
      "has_planks": "2024-07-02 21:47:04 +0000"
    },
    "done": true
  },
  "minecraft:recipes/combat/golden_boots": {
    "criteria": {
      "has_gold_ingot": "2024-07-02 21:49:48 +0000"
    },
    "done": true
  },
  "mca:recipes/building_blocks/headstones": {
    "criteria": {
      "has_ingredients": "2024-07-02 21:41:53 +0000"
    },
    "done": true
  },
  "minecraft:recipes/tools/wooden_axe": {
    "criteria": {
      "has_stick": "2024-07-02 21:43:13 +0000"
    },
    "done": true
  },
  "cfm:recipes/cfm/birch_table": {
    "criteria": {
      "has_log": "2024-07-02 21:53:37 +0000"
    },
    "done": true
  },
  "cfm:recipes/cfm/stripped_birch_cabinet": {
    "criteria": {
      "has_log": "2024-07-02 21:53:37 +0000"
    },
    "done": true
  },
  "tconstruct:recipes/tconstruct/general/common/gold_platform": {
    "criteria": {
      "has_gold": "2024-07-02 21:49:48 +0000"
    },
    "done": true
  },
  "travelersbackpack:recipes/travelersbackpack/horse": {
    "criteria": {
      "has_leather": "2024-07-02 21:56:08 +0000"
    },
    "done": true
  },
  "minecraft:recipes/building_blocks/stone_bricks_from_stone_stonecutting": {
    "criteria": {
      "has_stone": "2024-07-02 21:49:52 +0000"
    },
    "done": true
  },
  "majruszsdifficulty:recipes/misc/bandage": {
    "criteria": {
      "has_string": "2024-07-02 21:56:11 +0000"
    },
    "done": true
  },
  "minecraft:recipes/combat/golden_chestplate": {
    "criteria": {
      "has_gold_ingot": "2024-07-02 21:49:48 +0000"
    },
    "done": true
  },
  "tombstone:adventure/ashes_and_bones": {
    "criteria": {
      "coded_trigger": "2024-07-02 22:24:20 +0000"
    },
    "done": true
  },
  "minecraft:recipes/decorations/loom": {
    "criteria": {
      "has_string": "2024-07-02 21:56:11 +0000"
    },
    "done": true
  },
  "cfm:recipes/cfm/stripped_birch_desk_cabinet": {
    "criteria": {
      "has_planks": "2024-07-02 21:53:37 +0000"
    },
    "done": true
  },
  "cfm:recipes/cfm/dark_oak_upgraded_gate": {
    "criteria": {
      "has_log": "2024-07-03 04:00:05 +0000"
    },
    "done": true
  },
  "projectarsenal:recipes/projectarsenal/desert_eagle": {
    "criteria": {
      "has_emerald": "2024-07-02 21:43:16 +0000"
    },
    "done": true
  },
  "projectarsenal:recipes/projectarsenal/mossou": {
    "criteria": {
      "has_planks": "2024-07-02 21:47:04 +0000"
    },
    "done": true
  },
  "cfm:recipes/cfm/birch_upgraded_fence": {
    "criteria": {
      "has_log": "2024-07-02 21:53:37 +0000"
    },
    "done": true
  },
  "cfm:recipes/cfm/stripped_birch_kitchen_drawer": {
    "criteria": {
      "has_log": "2024-07-02 21:53:37 +0000"
    },
    "done": true
  },
  "additionalguns:recipes/additionalguns/mammoth": {
    "criteria": {
      "has_oak_planks": "2024-07-02 21:47:04 +0000"
    },
    "done": true
  },
  "minecraft:recipes/redstone/birch_button": {
    "criteria": {
      "has_planks": "2024-07-02 21:53:41 +0000"
    },
    "done": true
  },
  "cfm:recipes/cfm/oak_chair": {
    "criteria": {
      "has_planks": "2024-07-02 21:47:04 +0000"
    },
    "done": true
  },
  "minecraft:recipes/decorations/painting": {
    "criteria": {
      "has_wool": "2024-07-02 22:31:17 +0000"
    },
    "done": true
  },
  "tconstruct:recipes/tconstruct/gadgets/gadgets/frame/gold": {
    "criteria": {
      "has_item": "2024-07-02 21:49:53 +0000"
    },
    "done": true
  },
  "securitycraft:recipes/securitycraft/sc_manual": {
    "criteria": {
      "has_wood": "2024-07-02 21:46:52 +0000"
    },
    "done": true
  },
  "cfm:recipes/cfm/birch_bedside_cabinet": {
    "criteria": {
      "has_log": "2024-07-02 21:53:37 +0000"
    },
    "done": true
  },
  "minecraft:recipes/building_blocks/stone_slab": {
    "criteria": {
      "has_stone": "2024-07-02 21:49:52 +0000"
    },
    "done": true
  },
  "mowziesmobs:root": {
    "criteria": {
      "custom_test_name": "2024-07-02 21:38:45 +0000"
    },
    "done": true
  },
  "minecraft:recipes/misc/yellow_dye_from_dandelion": {
    "criteria": {
      "has_dandelion": "2024-07-02 21:42:16 +0000"
    },
    "done": true
  },
  "cfm:recipes/cfm/birch_kitchen_counter": {
    "criteria": {
      "has_log": "2024-07-02 21:53:37 +0000"
    },
    "done": true
  },
  "minecraft:recipes/redstone/light_weighted_pressure_plate": {
    "criteria": {
      "has_gold_ingot": "2024-07-02 21:49:48 +0000"
    },
    "done": true
  },
  "nethersdelight:recipes/nethersdelight/golden_machete": {
    "criteria": {
      "has_gold_ingot": "2024-07-02 21:49:48 +0000"
    },
    "done": true
  },
  "minecraft:recipes/tools/stone_shovel": {
    "criteria": {
      "has_cobblestone": "2024-07-02 21:41:53 +0000"
    },
    "done": true
  },
  "minecraft:recipes/combat/wooden_sword": {
    "criteria": {
      "has_stick": "2024-07-02 21:43:13 +0000"
    },
    "done": true
  },
  "minecraft:recipes/building_blocks/oak_planks": {
    "criteria": {
      "has_logs": "2024-07-02 21:46:52 +0000"
    },
    "done": true
  },
  "majruszsdifficulty:bleeding_inflicted": {
    "criteria": {
      "bleeding_applied": "2024-07-02 21:53:28 +0000"
    },
    "done": true
  },
  "tombstone:adventure/root": {
    "criteria": {
      "auto": "2024-07-02 21:38:47 +0000"
    },
    "done": true
  },
  "travelersbackpack:recipes/travelersbackpack/crafting_upgrade": {
    "criteria": {
      "has_crafting_table": "2024-07-02 21:47:25 +0000"
    },
    "done": true
  },
  "ags_day_counter:day_counter_root_advancement": {
    "criteria": {
      "day_counter_root_advancement": "2024-07-02 21:38:45 +0000"
    },
    "done": true
  },
  "securitycraft:recipes/securitycraft/reinforced_andesite": {
    "criteria": {
      "has_cobblestone": "2024-07-02 21:41:53 +0000"
    },
    "done": true
  },
  "cfm:recipes/cfm/dark_oak_table": {
    "criteria": {
      "has_log": "2024-07-03 04:00:05 +0000"
    },
    "done": true
  },
  "cfm:recipes/cfm/birch_coffee_table": {
    "criteria": {
      "has_log": "2024-07-02 21:53:37 +0000"
    },
    "done": true
  },
  "minecraft:recipes/tools/golden_axe": {
    "criteria": {
      "has_gold_ingot": "2024-07-02 21:49:48 +0000"
    },
    "done": true
  },
  "cfm:recipes/cfm/dark_oak_blinds": {
    "criteria": {
      "has_log": "2024-07-03 04:00:05 +0000"
    },
    "done": true
  },
  "cfm:recipes/cfm/stripped_dark_oak_cabinet": {
    "criteria": {
      "has_log": "2024-07-03 04:00:05 +0000"
    },
    "done": true
  },
  "cfm:recipes/cfm/oak_table": {
    "criteria": {
      "has_planks": "2024-07-02 21:47:04 +0000"
    },
    "done": true
  },
  "cfm:recipes/cfm/birch_desk_cabinet": {
    "criteria": {
      "has_log": "2024-07-02 21:53:37 +0000"
    },
    "done": true
  },
  "minecraft:recipes/combat/golden_helmet": {
    "criteria": {
      "has_gold_ingot": "2024-07-02 21:49:48 +0000"
    },
    "done": true
  },
  "projectvibrantjourneys:recipes/building_blocks/birch_planks": {
    "criteria": {
      "has_logs": "2024-07-02 21:53:51 +0000"
    },
    "done": true
  },
  "minecraft:recipes/decorations/red_banner": {
    "criteria": {
      "has_red_wool": "2024-07-02 22:31:17 +0000"
    },
    "done": true
  },
  "minecraft:recipes/redstone/tripwire_hook": {
    "criteria": {
      "has_string": "2024-07-02 21:56:11 +0000"
    },
    "done": true
  },
  "minecraft:recipes/redstone/oak_pressure_plate": {
    "criteria": {
      "has_planks": "2024-07-02 21:47:04 +0000"
    },
    "done": true
  },
  "cfm:recipes/cfm/birch_chair": {
    "criteria": {
      "has_log": "2024-07-02 21:53:37 +0000"
    },
    "done": true
  },
  "minecraft:recipes/building_blocks/birch_planks": {
    "criteria": {
      "has_logs": "2024-07-02 21:53:37 +0000"
    },
    "done": true
  },
  "mca:recipes/misc/bouquet": {
    "criteria": {
      "has_item": "2024-07-02 21:42:16 +0000"
    },
    "done": true
  },
  "cfm:recipes/cfm/oak_desk": {
    "criteria": {
      "has_planks": "2024-07-02 21:47:04 +0000"
    },
    "done": true
  },
  "tconstruct:recipes/tconstruct/general/common/gold_bars": {
    "criteria": {
      "has_ingot": "2024-07-02 21:49:48 +0000"
    },
    "done": true
  },
  "extendedslabs:recipes/extendedslabs/stone_vertical_slab_from_stone_stonecutting": {
    "criteria": {
      "has_stone": "2024-07-02 21:49:52 +0000"
    },
    "done": true
  },
  "securitycraft:recipes/securitycraft/laser_block": {
    "criteria": {
      "has_stone": "2024-07-02 21:49:52 +0000"
    },
    "done": true
  },
  "cfm:recipes/cfm/dark_oak_desk_cabinet": {
    "criteria": {
      "has_log": "2024-07-03 04:00:05 +0000"
    },
    "done": true
  },
  "projectarsenal:recipes/projectarsenal/unica_m6": {
    "criteria": {
      "has_emerald": "2024-07-02 21:43:16 +0000"
    },
    "done": true
  },
  "minecraft:story/iron_tools": {
    "criteria": {
      "iron_pickaxe": "2024-07-02 21:49:50 +0000"
    },
    "done": true
  },
  "cfm:recipes/cfm/dark_oak_chair": {
    "criteria": {
      "has_log": "2024-07-03 04:00:05 +0000"
    },
    "done": true
  },
  "additionalguns:recipes/additionalguns/bullet_short": {
    "criteria": {
      "has_gold_nugget": "2024-07-02 21:49:53 +0000"
    },
    "done": true
  },
  "cfm:recipes/cfm/stripped_birch_crate": {
    "criteria": {
      "has_planks": "2024-07-02 21:53:37 +0000"
    },
    "done": true
  },
  "cfm:recipes/cfm/stripped_birch_coffee_table": {
    "criteria": {
      "has_planks": "2024-07-02 21:53:37 +0000"
    },
    "done": true
  },
  "minecraft:recipes/redstone/birch_fence_gate": {
    "criteria": {
      "has_planks": "2024-07-02 21:53:41 +0000"
    },
    "done": true
  },
  "minecraft:story/root": {
    "criteria": {
      "crafting_table": "2024-07-02 21:47:25 +0000"
    },
    "done": true
  },
  "minecraft:recipes/redstone/stone_button": {
    "criteria": {
      "has_stone": "2024-07-02 21:49:52 +0000"
    },
    "done": true
  },
  "minecraft:recipes/combat/crossbow": {
    "criteria": {
      "has_stick": "2024-07-02 21:43:13 +0000"
    },
    "done": true
  },
  "sophisticatedbackpacks:recipes/sophisticatedbackpacks/upgrade_base": {
    "criteria": {
      "has_leather": "2024-07-02 21:56:08 +0000"
    },
    "done": true
  },
  "cfm:recipes/cfm/red_sofa": {
    "criteria": {
      "has_wool": "2024-07-02 22:31:17 +0000"
    },
    "done": true
  },
  "cgm:recipes/cgm/shell": {
    "criteria": {
      "has_gold_nugget": "2024-07-02 21:49:53 +0000"
    },
    "done": true
  },
  "minecraft:recipes/decorations/oak_sign": {
    "criteria": {
      "has_planks": "2024-07-02 21:47:04 +0000"
    },
    "done": true
  },
  "minecraft:recipes/redstone/oak_trapdoor": {
    "criteria": {
      "has_planks": "2024-07-02 21:47:04 +0000"
    },
    "done": true
  },
  "additionalguns:recipes/additionalguns/python": {
    "criteria": {
      "has_planks": "2024-07-02 21:47:04 +0000"
    },
    "done": true
  },
  "cfm:recipes/cfm/stripped_dark_oak_desk_cabinet": {
    "criteria": {
      "has_planks": "2024-07-03 04:00:05 +0000"
    },
    "done": true
  },
  "minecraft:recipes/misc/iron_nugget_from_blasting": {
    "criteria": {
      "has_iron_pickaxe": "2024-07-02 21:49:50 +0000"
    },
    "done": true
  },
  "betterdungeons:root": {
    "criteria": {
      "always": "2024-07-02 21:38:45 +0000"
    },
    "done": true
  },
  "cfm:recipes/cfm/stripped_birch_park_bench": {
    "criteria": {
      "has_log": "2024-07-02 21:53:37 +0000"
    },
    "done": true
  },
  "sophisticatedbackpacks:recipes/sophisticatedbackpacks/backpack": {
    "criteria": {
      "has_leather": "2024-07-02 21:56:08 +0000"
    },
    "done": true
  },
  "minecraft:recipes/combat/leather_chestplate": {
    "criteria": {
      "has_leather": "2024-07-02 21:56:08 +0000"
    },
    "done": true
  },
  "securitycraft:recipes/securitycraft/reinforced_diorite": {
    "criteria": {
      "has_cobblestone": "2024-07-02 21:41:53 +0000"
    },
    "done": true
  },
  "cfm:recipes/cfm/dark_oak_kitchen_counter": {
    "criteria": {
      "has_log": "2024-07-03 04:00:05 +0000"
    },
    "done": true
  },
  "minecraft:adventure/kill_a_mob": {
    "criteria": {
      "minecraft:blaze": "2024-07-02 21:44:55 +0000",
      "minecraft:pillager": "2024-07-02 21:44:55 +0000",
      "minecraft:skeleton": "2024-07-02 21:44:55 +0000",
      "minecraft:elder_guardian": "2024-07-02 21:44:55 +0000",
      "minecraft:zoglin": "2024-07-02 21:44:55 +0000",
      "minecraft:ravager": "2024-07-02 21:44:55 +0000",
      "minecraft:ghast": "2024-07-02 21:44:55 +0000",
      "minecraft:hoglin": "2024-07-02 21:44:55 +0000",
      "minecraft:guardian": "2024-07-02 21:44:55 +0000",
      "minecraft:vindicator": "2024-07-02 21:44:55 +0000",
      "minecraft:magma_cube": "2024-07-02 21:44:55 +0000",
      "minecraft:piglin_brute": "2024-07-02 21:44:55 +0000",
      "minecraft:spider": "2024-07-02 21:44:55 +0000",
      "minecraft:creeper": "2024-07-02 21:44:55 +0000",
      "minecraft:wither": "2024-07-02 21:44:55 +0000",
      "minecraft:evoker": "2024-07-02 21:44:55 +0000",
      "minecraft:slime": "2024-07-02 21:44:55 +0000",
      "minecraft:phantom": "2024-07-02 21:44:55 +0000",
      "minecraft:zombified_piglin": "2024-07-02 21:44:55 +0000",
      "minecraft:witch": "2024-07-02 21:44:55 +0000",
      "minecraft:wither_skeleton": "2024-07-02 21:44:55 +0000",
      "minecraft:husk": "2024-07-02 21:44:55 +0000",
      "minecraft:ender_dragon": "2024-07-02 21:44:55 +0000",
      "minecraft:shulker": "2024-07-02 21:44:55 +0000",
      "minecraft:cave_spider": "2024-07-02 21:44:55 +0000",
      "minecraft:piglin": "2024-07-02 21:44:55 +0000",
      "minecraft:enderman": "2024-07-02 21:44:55 +0000",
      "minecraft:silverfish": "2024-07-02 21:44:55 +0000",
      "minecraft:stray": "2024-07-02 21:44:55 +0000",
      "minecraft:endermite": "2024-07-02 21:44:55 +0000",
      "minecraft:vex": "2024-07-02 21:44:55 +0000",
      "minecraft:zombie": "2024-07-02 21:44:55 +0000",
      "minecraft:drowned": "2024-07-02 21:44:55 +0000",
      "minecraft:zombie_villager": "2024-07-02 21:44:55 +0000"
    },
    "done": true
  },
  "dungeons_arise:find_wishing_well": {
    "criteria": {
      "location0": "2024-07-02 21:38:47 +0000"
    },
    "done": true
  },
  "minecraft:recipes/redstone/oak_button": {
    "criteria": {
      "has_planks": "2024-07-02 21:47:04 +0000"
    },
    "done": true
  },
  "minecraft:recipes/tools/golden_pickaxe": {
    "criteria": {
      "has_gold_ingot": "2024-07-02 21:49:48 +0000"
    },
    "done": true
  },
  "cfm:recipes/cfm/oak_cabinet": {
    "criteria": {
      "has_planks": "2024-07-02 21:47:04 +0000"
    },
    "done": true
  },
  "farmersdelight:recipes/farmersdelight/flint_knife": {
    "criteria": {
      "has_stick": "2024-07-02 21:43:13 +0000"
    },
    "done": true
  },
  "tombstone:recipes/from_grave_dust": {
    "criteria": {
      "has_ingredient": "2024-07-02 22:29:01 +0000"
    },
    "done": true
  },
  "minecraft:recipes/building_blocks/stone": {
    "criteria": {
      "has_cobblestone": "2024-07-02 21:41:53 +0000"
    },
    "done": true
  },
  "vinery:vinemaker_apron": {
    "criteria": {
      "has_red_wool": "2024-07-02 22:31:17 +0000"
    },
    "done": true
  },
  "minecraft:recipes/decorations/stonecutter": {
    "criteria": {
      "has_stone": "2024-07-02 21:49:52 +0000"
    },
    "done": true
  },
  "extendedslabs:recipes/extendedslabs/vertical_white_terracotta_slab": {
    "criteria": {
      "has_white_terracotta": "2024-07-02 21:55:17 +0000"
    },
    "done": true
  },
  "extendedslabs:recipes/extendedslabs/black_glazed_terracotta_slab": {
    "criteria": {
      "has_black_glazed_terracotta": "2024-07-02 22:31:22 +0000"
    },
    "done": true
  },
  "minecraft:adventure/adventuring_time": {
    "criteria": {
      "minecraft:savanna_plateau": "2024-07-02 21:55:01 +0000",
      "minecraft:meadow": "2024-07-02 21:38:47 +0000"
    },
    "done": false
  },
  "incendium:technical/using/ragnarok": {
    "criteria": {
      "log_spam_fixer": "2024-07-02 21:38:47 +0000"
    },
    "done": false
  },
  "minecraft:recipes/combat/stone_sword": {
    "criteria": {
      "has_cobblestone": "2024-07-02 21:41:53 +0000"
    },
    "done": true
  },
  "minecraft:recipes/decorations/cobblestone_wall": {
    "criteria": {
      "has_cobblestone": "2024-07-02 21:41:53 +0000"
    },
    "done": true
  },
  "minecraft:recipes/decorations/barrel": {
    "criteria": {
      "has_planks": "2024-07-02 21:47:04 +0000"
    },
    "done": true
  },
  "projectarsenal:recipes/projectarsenal/maxim9": {
    "criteria": {
      "has_emerald": "2024-07-02 21:43:16 +0000"
    },
    "done": true
  },
  "incendium:technical/new_player": {
    "criteria": {
      "requirement": "2024-07-02 21:38:45 +0000"
    },
    "done": true
  },
  "minecraft:recipes/decorations/red_bed": {
    "criteria": {
      "has_red_wool": "2024-07-02 22:31:17 +0000"
    },
    "done": true
  },
  "minecraft:recipes/tools/stone_pickaxe": {
    "criteria": {
      "has_cobblestone": "2024-07-02 21:41:53 +0000"
    },
    "done": true
  },
  "vinery:oak_wine_rack_big": {
    "criteria": {
      "has_oak_planks": "2024-07-02 21:47:04 +0000"
    },
    "done": true
  },
  "cfm:recipes/cfm/oak_desk_cabinet": {
    "criteria": {
      "has_planks": "2024-07-02 21:47:04 +0000"
    },
    "done": true
  },
  "minecraft:recipes/redstone/oak_door": {
    "criteria": {
      "has_planks": "2024-07-02 21:47:04 +0000"
    },
    "done": true
  },
  "minecraft:recipes/redstone/stone_pressure_plate": {
    "criteria": {
      "has_stone": "2024-07-02 21:49:52 +0000"
    },
    "done": true
  },
  "cfm:recipes/cfm/stripped_dark_oak_crate": {
    "criteria": {
      "has_planks": "2024-07-03 04:00:05 +0000"
    },
    "done": true
  },
  "securitycraft:recipes/securitycraft/motion_activated_light": {
    "criteria": {
      "has_stick": "2024-07-02 21:43:13 +0000"
    },
    "done": true
  },
  "minecraft:recipes/combat/leather_boots": {
    "criteria": {
      "has_leather": "2024-07-02 21:56:08 +0000"
    },
    "done": true
  },
  "minecraft:recipes/decorations/cobblestone_wall_from_cobblestone_stonecutting": {
    "criteria": {
      "has_cobblestone": "2024-07-02 21:41:53 +0000"
    },
    "done": true
  },
  "minecraft:recipes/decorations/stone_brick_walls_from_stone_stonecutting": {
    "criteria": {
      "has_stone": "2024-07-02 21:49:52 +0000"
    },
    "done": true
  },
  "minecraft:recipes/building_blocks/birch_stairs": {
    "criteria": {
      "has_planks": "2024-07-02 21:53:41 +0000"
    },
    "done": true
  },
  "tconstruct:recipes/tconstruct/general/tables/pattern": {
    "criteria": {
      "has_item": "2024-07-02 21:43:13 +0000"
    },
    "done": true
  },
  "minecraft:recipes/food/honey_bottle": {
    "criteria": {
      "has_honey_block": "2024-07-02 22:26:57 +0000"
    },
    "done": true
  },
  "farmersdelight:recipes/farmersdelight/golden_knife": {
    "criteria": {
      "has_gold_ingot": "2024-07-02 21:49:48 +0000"
    },
    "done": true
  },
  "additionalguns:recipes/additionalguns/mat_49": {
    "criteria": {
      "has_oak_planks": "2024-07-02 21:47:04 +0000"
    },
    "done": true
  },
  "tconstruct:recipes/tconstruct/tools/tools/armor/travelers_shield": {
    "criteria": {
      "has_item": "2024-07-02 21:56:08 +0000"
    },
    "done": true
  },
  "dungeons_arise:wda_root": {
    "criteria": {
      "WDA": "2024-07-02 21:38:45 +0000"
    },
    "done": true
  },
  "cfm:recipes/cfm/stripped_dark_oak_kitchen_drawer": {
    "criteria": {
      "has_log": "2024-07-03 04:00:05 +0000"
    },
    "done": true
  },
  "vinery:campfire": {
    "criteria": {
      "has_stick": "2024-07-02 21:43:13 +0000"
    },
    "done": true
  },
  "minecraft:recipes/redstone/birch_trapdoor": {
    "criteria": {
      "has_planks": "2024-07-02 21:53:41 +0000"
    },
    "done": true
  },
  "cfm:recipes/cfm/dark_oak_park_bench": {
    "criteria": {
      "has_log": "2024-07-03 04:00:05 +0000"
    },
    "done": true
  },
  "minecraft:recipes/combat/golden_leggings": {
    "criteria": {
      "has_gold_ingot": "2024-07-02 21:49:48 +0000"
    },
    "done": true
  },
  "minecraft:recipes/building_blocks/stone_stairs": {
    "criteria": {
      "has_stone": "2024-07-02 21:49:52 +0000"
    },
    "done": true
  },
  "additionalguns:recipes/additionalguns/bullet_small": {
    "criteria": {
      "has_gold_nugget": "2024-07-02 21:49:53 +0000"
    },
    "done": true
  },
  "extendedslabs:recipes/extendedslabs/cobblestone_vertical_slab_from_cobblestone_stonecutting": {
    "criteria": {
      "has_cobblestone": "2024-07-02 21:41:53 +0000"
    },
    "done": true
  },
  "cfm:recipes/cfm/birch_kitchen_drawer": {
    "criteria": {
      "has_log": "2024-07-02 21:53:37 +0000"
    },
    "done": true
  },
  "additionalguns:recipes/additionalguns/bullet_special": {
    "criteria": {
      "has_gold_nugget": "2024-07-02 21:49:53 +0000"
    },
    "done": true
  },
  "extendedslabs:recipes/extendedslabs/vertical_oak_slab": {
    "criteria": {
      "has_oak_planks": "2024-07-02 21:47:04 +0000"
    },
    "done": true
  },
  "minecraft:recipes/decorations/soul_campfire": {
    "criteria": {
      "has_stick": "2024-07-02 21:43:13 +0000"
    },
    "done": true
  },
  "minecraft:recipes/tools/stone_axe": {
    "criteria": {
      "has_cobblestone": "2024-07-02 21:41:53 +0000"
    },
    "done": true
  },
  "cfm:recipes/cfm/birch_cabinet": {
    "criteria": {
      "has_log": "2024-07-02 21:53:37 +0000"
    },
    "done": true
  },
  "cfm:recipes/cfm/dark_oak_bedside_cabinet": {
    "criteria": {
      "has_log": "2024-07-03 04:00:05 +0000"
    },
    "done": true
  },
  "cfm:recipes/cfm/oak_kitchen_sink_light": {
    "criteria": {
      "has_bottom": "2024-07-02 21:47:04 +0000"
    },
    "done": true
  },
  "vinery:cherry_fence_gate": {
    "criteria": {
      "has_stick": "2024-07-02 21:43:13 +0000"
    },
    "done": true
  },
  "cfm:recipes/cfm/oak_coffee_table": {
    "criteria": {
      "has_planks": "2024-07-02 21:47:04 +0000"
    },
    "done": true
  },
  "cfm:recipes/cfm/birch_kitchen_sink_dark": {
    "criteria": {
      "has_bottom": "2024-07-02 21:53:41 +0000"
    },
    "done": true
  },
  "DataVersion": 3120
}